GSRN,Capacity_kw,mean_power,std_power,cv,zero_ratio,ramp_mean,ramp_std,mean_power_scaled,std_power_scaled,cv_scaled,ramp_mean_scaled,ramp_std_scaled
570714700000000140,660.0000,123.6282,177.3256,1.4343,0.3548,0.0171,58.6510,-0.3084,-0.1840,-0.0057,0.7234,-0.1983
570714700000000157,660.0000,134.0462,170.9980,1.2757,0.2666,0.0030,65.2574,-0.2729,-0.2081,-0.0612,0.3724,-0.1303
570714700000000317,660.0000,110.9197,139.2738,1.2556,0.1346,0.0047,45.0494,-0.3518,-0.3293,-0.0683,0.4148,-0.3385
570714700000000324,660.0000,103.4258,135.3497,1.3087,0.1533,0.0024,45.4840,-0.3773,-0.3443,-0.0497,0.3573,-0.3341
570714700000000331,660.0000,102.1115,134.7164,1.3193,0.1679,-0.0062,44.5871,-0.3818,-0.3467,-0.0460,0.1436,-0.3433
570714700000000348,660.0000,102.7356,135.4029,1.3180,0.1677,-0.0144,44.1937,-0.3797,-0.3441,-0.0464,-0.0597,-0.3474
570714700000000355,660.0000,122.1521,148.7741,1.2179,0.1135,-0.0057,47.5553,-0.3135,-0.2930,-0.0814,0.1557,-0.3127
570714700000000362,660.0000,119.8371,146.6536,1.2238,0.1104,-0.0060,47.7507,-0.3214,-0.3011,-0.0794,0.1504,-0.3107
570714700000000379,500.0000,77.8689,105.2168,1.3512,0.3335,-0.0107,33.9353,-0.4645,-0.4593,-0.0348,0.0330,-0.4531
570714700000000850,450.0000,83.5558,98.5528,1.1795,0.1497,-0.0078,31.7514,-0.4451,-0.4848,-0.0949,0.1047,-0.4756
570714700000000881,500.0000,89.9360,109.5509,1.2181,0.1697,-0.0067,35.6620,-0.4233,-0.4428,-0.0814,0.1329,-0.4353
570714700000000966,450.0000,150.4894,195.4668,1.2989,0.2081,-0.0082,61.2405,-0.2168,-0.1147,-0.0531,0.0951,-0.1717
570714700000000997,450.0000,92.1718,105.3303,1.1428,0.1418,-0.0071,35.6180,-0.4157,-0.4589,-0.1077,0.1227,-0.4357
570714700000001048,600.0000,86.8291,119.4710,1.3759,0.2640,-0.0156,38.1422,-0.4339,-0.4049,-0.0262,-0.0892,-0.4097
570714700000001079,600.0000,86.5421,114.2494,1.3202,0.1964,0.0021,35.9815,-0.4349,-0.4248,-0.0457,0.3508,-0.4320
570714700000002090,450.0000,102.2720,110.3473,1.0790,0.1014,-0.0012,32.6140,-0.3813,-0.4397,-0.1301,0.2678,-0.4667
570714700000002137,500.0000,82.6898,107.8585,1.3044,0.1645,-0.0037,34.4552,-0.4481,-0.4492,-0.0512,0.2068,-0.4477
570714700000002144,500.0000,83.5768,107.9892,1.2921,0.1559,-0.0041,34.1825,-0.4450,-0.4488,-0.0555,0.1959,-0.4505
570714700000002151,250.0000,38.3204,46.9292,1.2247,0.0940,-0.0024,16.0067,-0.5994,-0.6819,-0.0791,0.2383,-0.6379
570714700000002168,400.0000,47.9327,79.4563,1.6577,0.4260,-0.0117,24.0130,-0.5666,-0.5577,0.0724,0.0085,-0.5554
570714700000002175,400.0000,70.2694,83.9612,1.1948,0.1199,-0.0117,25.8732,-0.4904,-0.5405,-0.0895,0.0089,-0.5362
570714700000002182,500.0000,107.0224,115.5681,1.0798,0.1234,-0.0036,36.0854,-0.3651,-0.4198,-0.1298,0.2087,-0.4309
570714700000002199,500.0000,111.0794,122.6459,1.1041,0.1303,-0.0068,38.6250,-0.3512,-0.3928,-0.1213,0.1302,-0.4047
570714700000002205,500.0000,107.1127,122.4823,1.1435,0.1807,-0.0040,42.0553,-0.3648,-0.3934,-0.1075,0.1982,-0.3694
570714700000002304,500.0000,106.6560,119.3110,1.1187,0.1811,-0.0124,38.1937,-0.3663,-0.4055,-0.1162,-0.0096,-0.4092
570714700000002311,500.0000,112.2420,122.7683,1.0938,0.1806,-0.0129,39.0186,-0.3473,-0.3923,-0.1249,-0.0230,-0.4007
570714700000002489,600.0000,120.4946,138.6975,1.1511,0.0754,-0.0216,46.3501,-0.3191,-0.3315,-0.1048,-0.2382,-0.3251
570714700000002496,600.0000,115.0730,132.0715,1.1477,0.0682,-0.0185,44.5540,-0.3376,-0.3568,-0.1060,-0.1606,-0.3436
570714700000002502,600.0000,117.3644,137.7559,1.1737,0.0576,-0.0270,48.4053,-0.3298,-0.3351,-0.0969,-0.3720,-0.3039
570714700000002786,600.0000,97.1487,131.1940,1.3504,0.2646,-0.0332,44.1335,-0.3987,-0.3601,-0.0351,-0.5272,-0.3480
570714700000002830,750.0000,126.5581,142.1235,1.1230,0.0538,-0.0065,44.7202,-0.2984,-0.3184,-0.1147,0.1377,-0.3419
570714700000002847,750.0000,134.4442,153.4729,1.1415,0.0548,-0.0145,51.6479,-0.2715,-0.2751,-0.1082,-0.0608,-0.2705
570714700000002854,600.0000,127.6730,148.3988,1.1623,0.1931,-0.0214,46.9593,-0.2946,-0.2944,-0.1009,-0.2343,-0.3188
570714700000003134,600.0000,124.9726,147.2407,1.1782,0.1005,0.0092,49.1967,-0.3038,-0.2989,-0.0954,0.5260,-0.2958
570714700000003165,550.0000,88.4908,121.6933,1.3752,0.2172,-0.0024,38.3667,-0.4283,-0.3964,-0.0264,0.2376,-0.4074
570714700000003219,600.0000,101.2713,118.5638,1.1708,0.0877,-0.0042,48.8877,-0.3847,-0.4084,-0.0980,0.1943,-0.2990
570714700000003226,2000.0000,374.2894,444.6456,1.1880,0.0842,0.0116,160.5256,0.5465,0.8369,-0.0919,0.5877,0.8517
570714700000003233,750.0000,103.9999,131.8780,1.2681,0.1208,0.0023,43.5357,-0.3754,-0.3575,-0.0639,0.3559,-0.3541
570714700000003240,750.0000,106.0303,136.9453,1.2916,0.0979,0.0090,44.6046,-0.3685,-0.3382,-0.0557,0.5208,-0.3431
570714700000003257,750.0000,107.2441,135.0418,1.2592,0.0926,0.0116,45.7287,-0.3643,-0.3454,-0.0670,0.5865,-0.3315
570714700000003264,750.0000,130.3443,153.2309,1.1756,0.0699,-0.0057,49.9233,-0.2855,-0.2760,-0.0963,0.1562,-0.2883
570714700000003271,750.0000,131.2706,153.7933,1.1716,0.0743,-0.0021,46.6892,-0.2824,-0.2738,-0.0977,0.2455,-0.3216
570714700000003288,750.0000,123.3624,148.2467,1.2017,0.0809,0.0035,46.0978,-0.3093,-0.2950,-0.0871,0.3849,-0.3277
570714700000003295,750.0000,112.3922,138.4488,1.2318,0.0943,0.0063,45.3905,-0.3468,-0.3324,-0.0766,0.4551,-0.3350
570714700000003301,750.0000,108.1100,133.1265,1.2314,0.0958,0.0049,44.0236,-0.3614,-0.3528,-0.0767,0.4204,-0.3491
570714700000003318,750.0000,130.5094,150.4350,1.1527,0.0737,0.0036,47.4224,-0.2850,-0.2867,-0.1043,0.3889,-0.3141
570714700000003349,750.0000,119.7340,146.0156,1.2195,0.1021,0.0349,47.5869,-0.3217,-0.3035,-0.0809,1.1662,-0.3124
570714700000003356,750.0000,118.5393,147.4740,1.2441,0.0928,-0.0165,46.1608,-0.3258,-0.2980,-0.0723,-0.1108,-0.3271
570714700000003363,750.0000,116.6260,147.0120,1.2605,0.1364,-0.0231,46.8546,-0.3323,-0.2997,-0.0665,-0.2764,-0.3199
570714700000003370,750.0000,106.1940,133.0652,1.2530,0.0878,-0.0024,43.2321,-0.3679,-0.3530,-0.0692,0.2376,-0.3573
570714700000003387,750.0000,100.7581,127.0675,1.2611,0.0842,0.0078,40.9339,-0.3864,-0.3759,-0.0663,0.4913,-0.3809
570714700000003394,750.0000,108.3388,131.0202,1.2094,0.0773,-0.0000,41.3935,-0.3606,-0.3608,-0.0844,0.2984,-0.3762
570714700000003400,1000.0000,182.9261,215.3847,1.1774,0.0834,-0.0232,72.3719,-0.1062,-0.0386,-0.0956,-0.2778,-0.0569
570714700000003417,1000.0000,192.7530,228.1542,1.1837,0.0971,-0.0324,75.4514,-0.0727,0.0101,-0.0934,-0.5073,-0.0252
570714700000003424,750.0000,190.9863,193.0556,1.0108,0.0713,0.0555,65.6825,-0.0787,-0.1239,-0.1539,1.6775,-0.1259
570714700000003431,660.0000,139.5776,156.2438,1.1194,0.1021,-0.0209,51.0981,-0.2540,-0.2645,-0.1159,-0.2203,-0.2762
570714700000003479,750.0000,128.0897,152.9767,1.1943,0.0809,-0.0112,49.1290,-0.2932,-0.2770,-0.0897,0.0206,-0.2965
570714700000003486,750.0000,121.5295,145.6959,1.1989,0.0681,-0.0083,44.8035,-0.3156,-0.3048,-0.0881,0.0917,-0.3411
570714700000003493,750.0000,122.1901,145.4694,1.1905,0.0807,-0.0062,46.2893,-0.3133,-0.3056,-0.0910,0.1448,-0.3258
570714700000003523,2000.0000,380.7871,459.0676,1.2056,0.0745,0.0201,154.1240,0.5687,0.8920,-0.0858,0.7970,0.7857
570714700000003530,2000.0000,374.5211,438.8257,1.1717,0.0736,-0.0213,143.3363,0.5473,0.8147,-0.0976,-0.2300,0.6745
570714700000003585,200.0000,30.2016,44.3386,1.4681,0.2265,-0.0018,13.5845,-0.6271,-0.6918,0.0061,0.2535,-0.6628
570714700000004384,660.0000,130.9380,165.3031,1.2625,0.2622,0.0089,61.9054,-0.2835,-0.2299,-0.0659,0.5184,-0.1648
570714700000004469,180.0000,5.0354,19.3422,3.8413,0.8865,-0.0139,4.8142,-0.7129,-0.7873,0.8364,-0.0459,-0.7532
570714700000004476,180.0000,0.0497,1.2910,25.9982,0.9979,0.0000,0.4324,-0.7299,-0.8562,8.5884,0.2984,-0.7984
570714700000004513,550.0000,76.7097,104.3009,1.3597,0.1820,0.0047,35.0391,-0.4685,-0.4628,-0.0319,0.4147,-0.4417
570714700000004520,750.0000,80.8060,143.6106,1.7772,0.4658,0.0534,48.6403,-0.4545,-0.3127,0.1142,1.6240,-0.3015
570714700000004568,180.0000,7.9155,23.9728,3.0286,0.8370,-0.0106,7.7550,-0.7031,-0.7696,0.5520,0.0351,-0.7229
570714700000004575,500.0000,25.0780,67.3957,2.6874,0.7048,0.0471,22.7966,-0.6446,-0.6038,0.4327,1.4684,-0.5679
570714700000004605,660.0000,131.1473,164.2375,1.2523,0.2246,0.0048,55.4311,-0.2828,-0.2339,-0.0694,0.4177,-0.2315
570714700000004704,45.0000,0.5903,1.8252,3.0919,0.7615,0.0002,0.8072,-0.7281,-0.8542,0.5742,0.3046,-0.7945
570714700000004728,95.0000,18.5390,23.2748,1.2555,0.1076,0.0011,7.7890,-0.6669,-0.7723,-0.0683,0.3253,-0.7226
570714700000004735,600.0000,155.1522,151.1188,0.9740,0.0469,-0.0010,51.5278,-0.2009,-0.2840,-0.1668,0.2728,-0.2718
570714700000004742,600.0000,148.7065,153.9231,1.0351,0.0452,-0.0055,51.2475,-0.2229,-0.2733,-0.1454,0.1611,-0.2746
570714700000004759,600.0000,152.3539,154.0983,1.0114,0.0758,-0.0036,50.8892,-0.2105,-0.2727,-0.1537,0.2081,-0.2783
570714700000004810,150.0000,26.0019,36.3505,1.3980,0.2374,-0.0007,12.1892,-0.6414,-0.7223,-0.0185,0.2810,-0.6772
570714700000004940,225.0000,34.2235,47.2942,1.3819,0.2676,-0.0043,15.5379,-0.6134,-0.6805,-0.0241,0.1918,-0.6427
570714700000004964,55.0000,2.1657,5.3510,2.4708,0.4337,-0.0009,2.2915,-0.7227,-0.8407,0.3569,0.2772,-0.7792
570714700000004995,55.0000,8.1364,15.9614,1.9617,0.5972,0.0000,6.5561,-0.7023,-0.8002,0.1788,0.2984,-0.7353
570714700000005039,55.0000,7.5192,12.3365,1.6407,0.2495,-0.0005,4.0636,-0.7044,-0.8140,0.0664,0.2857,-0.7610
570714700000005053,200.0000,31.2605,46.4919,1.4872,0.2717,-0.0008,13.5593,-0.6235,-0.6836,0.0128,0.2791,-0.6631
570714700000005060,75.0000,5.2400,7.9871,1.5242,0.2303,0.0008,3.4151,-0.7122,-0.8306,0.0257,0.3177,-0.7676
570714700000005091,200.0000,41.6518,54.2101,1.3015,0.2079,-0.0037,17.4449,-0.5880,-0.6541,-0.0522,0.2077,-0.6230
570714700000005107,550.0000,106.8768,127.4186,1.1922,0.1280,-0.0157,40.0382,-0.3656,-0.3746,-0.0905,-0.0928,-0.3902
570714700000005114,550.0000,102.9920,123.3419,1.1976,0.1543,-0.0087,40.1322,-0.3788,-0.3901,-0.0886,0.0829,-0.3892
570714700000005121,550.0000,104.3445,130.1927,1.2477,0.1517,-0.0182,42.1653,-0.3742,-0.3640,-0.0710,-0.1527,-0.3683
570714700000005138,550.0000,105.0443,128.2850,1.2212,0.1457,-0.0183,41.9740,-0.3718,-0.3712,-0.0803,-0.1565,-0.3702
570714700000005213,600.0000,97.7856,122.2415,1.2501,0.2191,0.0023,42.1902,-0.3966,-0.3943,-0.0702,0.3545,-0.3680
570714700000005251,600.0000,133.3700,148.6423,1.1145,0.1296,-0.0240,47.6453,-0.2752,-0.2935,-0.1176,-0.2974,-0.3118
570714700000005268,600.0000,127.2676,129.2829,1.0158,0.0618,-0.0099,42.7774,-0.2960,-0.3674,-0.1522,0.0513,-0.3619
570714700000005275,600.0000,104.9299,145.2718,1.3845,0.2773,-0.0557,44.8022,-0.3722,-0.3064,-0.0232,-1.0850,-0.3411
570714700000005282,550.0000,99.0820,123.5179,1.2466,0.1800,-0.0024,36.3005,-0.3922,-0.3894,-0.0714,0.2378,-0.4287
570714700000005299,550.0000,102.3062,124.0988,1.2130,0.1565,0.0002,36.6590,-0.3812,-0.3872,-0.0832,0.3030,-0.4250
570714700000005305,550.0000,103.3098,127.1040,1.2303,0.1729,-0.0015,38.0823,-0.3777,-0.3758,-0.0771,0.2623,-0.4103
570714700000005312,600.0000,150.3264,160.1616,1.0654,0.0868,-0.0068,49.7874,-0.2174,-0.2495,-0.1348,0.1306,-0.2897
570714700000005329,600.0000,146.2475,158.4282,1.0833,0.0765,0.0454,51.9822,-0.2313,-0.2561,-0.1286,1.4267,-0.2671
570714700000005336,550.0000,104.2169,128.1053,1.2292,0.1715,0.0046,37.6945,-0.3746,-0.3719,-0.0775,0.4122,-0.4143
570714700000005343,600.0000,125.7257,143.9481,1.1449,0.0767,-0.0039,44.4642,-0.3013,-0.3114,-0.1070,0.2026,-0.3446
570714700000005350,550.0000,80.4271,111.3464,1.3844,0.2171,-0.0024,34.9312,-0.4558,-0.4359,-0.0232,0.2381,-0.4428
570714700000005367,600.0000,112.5417,132.1030,1.1738,0.0797,0.0010,41.6931,-0.3462,-0.3567,-0.0969,0.3235,-0.3731
570714700000005374,600.0000,116.5066,138.5825,1.1895,0.0856,-0.0011,42.6570,-0.3327,-0.3319,-0.0914,0.2703,-0.3632
570714700000005381,550.0000,84.4474,116.0818,1.3746,0.2267,-0.0018,35.7644,-0.4421,-0.4178,-0.0266,0.2546,-0.4342
570714700000005404,750.0000,167.5993,192.4926,1.1485,0.0779,-0.0176,64.6960,-0.1585,-0.1260,-0.1057,-0.1390,-0.1360
570714700000005411,750.0000,140.5606,185.3469,1.3186,0.2104,-0.0750,58.9617,-0.2507,-0.1533,-0.0462,-1.5639,-0.1951
570714700000005428,750.0000,169.2766,182.9344,1.0807,0.0763,-0.0150,68.0571,-0.1527,-0.1625,-0.1295,-0.0753,-0.1014
570714700000005435,600.0000,127.1664,147.2364,1.1578,0.0936,0.0076,46.2679,-0.2964,-0.2989,-0.1025,0.4881,-0.3260
570714700000005442,600.0000,119.0611,139.5849,1.1724,0.1180,0.0073,43.8923,-0.3240,-0.3281,-0.0974,0.4793,-0.3505
570714700000005466,750.0000,120.5120,150.1469,1.2459,0.1103,-0.0099,45.7096,-0.3191,-0.2878,-0.0717,0.0530,-0.3317
570714700000005473,750.0000,127.4964,146.3748,1.1481,0.0657,0.0060,44.6666,-0.2952,-0.3022,-0.1059,0.4469,-0.3425
570714700000005480,750.0000,125.9694,146.8855,1.1660,0.0713,0.0003,46.0623,-0.3004,-0.3002,-0.0996,0.3050,-0.3281
570714700000005497,750.0000,136.6479,158.8552,1.1625,0.0831,0.0024,49.9010,-0.2640,-0.2545,-0.1008,0.3570,-0.2885
570714700000005503,55.0000,5.1622,6.1945,1.2000,0.2881,-0.0007,2.0789,-0.7125,-0.8375,-0.0877,0.2812,-0.7814
570714700000005619,55.0000,6.7999,10.6319,1.5635,0.1497,-0.0012,4.2715,-0.7069,-0.8205,0.0395,0.2698,-0.7588
570714700000005626,75.0000,4.9176,9.2306,1.8770,0.1569,-0.0013,3.6084,-0.7133,-0.8259,0.1492,0.2662,-0.7657
570714700000005817,150.0000,48.6059,52.9814,1.0900,0.1303,-0.0037,16.5273,-0.5643,-0.6588,-0.1262,0.2068,-0.6325
570714700000005886,55.0000,2.5531,6.3561,2.4896,0.6248,-0.0012,2.3953,-0.7214,-0.8369,0.3635,0.2687,-0.7782
570714700000005923,55.0000,5.2803,7.4162,1.4045,0.3049,-0.0014,2.9892,-0.7121,-0.8328,-0.0162,0.2645,-0.7720
570714700000005961,55.0000,6.8717,8.7242,1.2696,0.3148,-0.0004,3.5446,-0.7067,-0.8278,-0.0634,0.2893,-0.7663
570714700000005978,55.0000,11.4237,14.8275,1.2980,0.2148,-0.0000,5.5575,-0.6911,-0.8045,-0.0534,0.2984,-0.7456
570714700000006029,200.0000,18.6645,40.3111,2.1598,0.6224,-0.0180,9.9024,-0.6664,-0.7072,0.2481,-0.1500,-0.7008
570714700000006067,150.0000,40.0037,44.6549,1.1163,0.1088,-0.0037,13.1091,-0.5937,-0.6906,-0.1170,0.2067,-0.6677
570714700000006074,225.0000,60.0056,66.9824,1.1163,0.1053,-0.0055,19.6266,-0.5254,-0.6053,-0.1170,0.1609,-0.6006
570714700000006081,225.0000,51.0991,56.2596,1.1010,0.0923,0.0080,16.9209,-0.5558,-0.6463,-0.1224,0.4960,-0.6284
570714700000006258,150.0000,22.5116,32.5214,1.4447,0.2374,-0.0029,11.8560,-0.6533,-0.7369,-0.0021,0.2267,-0.6806
570714700000006289,75.0000,4.2221,8.9165,2.1118,0.3281,0.0003,3.2899,-0.7157,-0.8271,0.2313,0.3063,-0.7689
570714700000006296,180.0000,14.8401,31.3367,2.1116,0.6051,-0.0000,9.5133,-0.6795,-0.7415,0.2312,0.2984,-0.7048
570714700000006333,180.0000,26.1739,32.3229,1.2349,0.2359,-0.0033,10.4911,-0.6408,-0.7377,-0.0755,0.2153,-0.6947
570714700000006876,45.0000,0.0151,0.0280,1.8486,0.6988,0.0000,0.0180,-0.7300,-0.8610,0.1392,0.2984,-0.8027
570714700000006890,55.0000,8.8958,15.2459,1.7138,0.4924,-0.0004,5.5686,-0.6998,-0.8029,0.0921,0.2895,-0.7455
570714700000006982,75.0000,5.5098,11.3477,2.0596,0.2311,-0.0025,4.3247,-0.7113,-0.8178,0.2130,0.2373,-0.7583
570714700000007194,65.0000,3.9506,7.2864,1.8444,0.2836,-0.0003,2.9927,-0.7166,-0.8333,0.1377,0.2900,-0.7720
570714700000007637,95.0000,17.5659,28.1973,1.6052,0.5540,-0.0020,7.6040,-0.6702,-0.7535,0.0541,0.2480,-0.7245
570714700000007651,150.0000,26.7104,31.6983,1.1867,0.0947,-0.0038,9.6202,-0.6390,-0.7401,-0.0924,0.2046,-0.7037
570714700000007682,99.0000,7.2152,17.7386,2.4585,0.7377,0.0032,5.9326,-0.7055,-0.7934,0.3526,0.3780,-0.7417
570714700000007828,200.0000,23.8534,37.7862,1.5841,0.3340,0.0085,11.5945,-0.6487,-0.7168,0.0467,0.5106,-0.6833
570714700000007927,150.0000,0.0375,1.9698,52.5180,0.9995,-0.0000,1.5736,-0.7300,-0.8536,17.8669,0.2984,-0.7866
570714700000007934,150.0000,34.3657,40.4440,1.1769,0.1925,-0.0033,12.0178,-0.6129,-0.7067,-0.0958,0.2154,-0.6790
570714700000008016,150.0000,31.1782,36.7123,1.1775,0.1291,-0.0001,10.9323,-0.6238,-0.7209,-0.0956,0.2958,-0.6902
570714700000008092,180.0000,20.2611,32.4534,1.6018,0.3359,-0.0035,10.1908,-0.6610,-0.7372,0.0528,0.2102,-0.6978
570714700000008146,150.0000,38.7630,42.0951,1.0860,0.0640,-0.0087,13.4629,-0.5979,-0.7004,-0.1276,0.0827,-0.6641
570714700000008252,200.0000,8.7175,19.9089,2.2838,0.3549,-0.0054,8.0511,-0.7004,-0.7851,0.2915,0.1637,-0.7199
570714700000008450,200.0000,23.5090,38.3343,1.6306,0.4452,0.0026,11.9777,-0.6499,-0.7147,0.0629,0.3634,-0.6794
570714700000008474,200.0000,32.5927,42.8881,1.3159,0.2210,-0.0027,13.1331,-0.6189,-0.6974,-0.0472,0.2304,-0.6675
570714700000008627,150.0000,12.6143,22.5804,1.7901,0.2002,0.0009,9.2656,-0.6871,-0.7749,0.1187,0.3218,-0.7073
570714700000008702,225.0000,66.0532,66.1369,1.0013,0.0912,0.0023,19.4335,-0.5048,-0.6086,-0.1573,0.3545,-0.6026
570714700000008757,250.0000,35.2317,50.5246,1.4341,0.2376,-0.0066,15.1639,-0.6099,-0.6682,-0.0058,0.1345,-0.6466
570714700000008764,150.0000,17.6984,32.9739,1.8631,0.2213,-0.0086,11.8922,-0.6697,-0.7352,0.1443,0.0855,-0.6803
570714700000008955,150.0000,34.8173,42.1922,1.2118,0.2667,-0.0024,11.9107,-0.6113,-0.7000,-0.0836,0.2391,-0.6801
570714700000008962,200.0000,21.4929,37.8074,1.7591,0.4214,-0.0048,10.9414,-0.6568,-0.7168,0.1079,0.1791,-0.6901
570714700000009037,225.0000,54.4879,63.2806,1.1614,0.1593,-0.0038,16.3065,-0.5443,-0.6195,-0.1012,0.2045,-0.6348
570714700000009273,150.0000,9.8867,23.1892,2.3455,0.6352,0.0054,6.5504,-0.6964,-0.7726,0.3130,0.4325,-0.7353
570714700000009280,150.0000,19.6612,30.2561,1.5389,0.3307,-0.0042,8.7194,-0.6630,-0.7456,0.0308,0.1951,-0.7130
570714700000009419,300.0000,71.2387,73.9435,1.0380,0.1052,-0.0102,27.6254,-0.4871,-0.5788,-0.1444,0.0449,-0.5181
570714700000009426,150.0000,36.4911,41.6652,1.1418,0.1570,0.0007,14.1051,-0.6056,-0.7020,-0.1081,0.3147,-0.6575
570714700000009556,225.0000,41.3892,48.8941,1.1813,0.1260,0.0008,16.8576,-0.5889,-0.6744,-0.0943,0.3192,-0.6291
570714700000009587,500.0000,80.8680,103.7719,1.2832,0.1439,-0.0032,33.1323,-0.4543,-0.4649,-0.0586,0.2179,-0.4614
570714700000009648,500.0000,70.1501,98.4500,1.4034,0.1927,-0.0088,32.6986,-0.4908,-0.4852,-0.0166,0.0804,-0.4658
570714700000009655,500.0000,66.8388,97.0534,1.4521,0.1924,-0.0004,33.0995,-0.5021,-0.4905,0.0005,0.2875,-0.4617
570714700000009662,500.0000,58.9384,90.5209,1.5359,0.2342,-0.0128,32.1291,-0.5291,-0.5155,0.0298,-0.0189,-0.4717
570714700000009785,500.0000,80.7260,109.1391,1.3520,0.1718,-0.0166,35.9601,-0.4548,-0.4444,-0.0346,-0.1146,-0.4322
570714700000009808,500.0000,113.6264,127.4825,1.1219,0.1501,-0.0038,37.9704,-0.3425,-0.3743,-0.1150,0.2047,-0.4115
570714700000009914,500.0000,118.5625,124.7519,1.0522,0.1124,-0.0163,39.3614,-0.3257,-0.3847,-0.1394,-0.1068,-0.3972
570714700000009938,550.0000,66.7156,95.3147,1.4287,0.1855,-0.0130,32.3770,-0.5025,-0.4972,-0.0077,-0.0236,-0.4691
570714700000009945,550.0000,63.6479,93.2225,1.4647,0.2174,-0.0059,31.1491,-0.5130,-0.5051,0.0049,0.1520,-0.4818
570714700000009952,150.0000,29.1432,37.3518,1.2817,0.2067,-0.0052,12.2233,-0.6307,-0.7185,-0.0592,0.1680,-0.6769
570714700000010163,550.0000,130.4648,137.3941,1.0531,0.1018,-0.0095,38.8299,-0.2851,-0.3365,-0.1391,0.0627,-0.4026
570714700000010170,550.0000,142.0408,147.0627,1.0354,0.1024,-0.0081,42.1949,-0.2456,-0.2995,-0.1453,0.0966,-0.3680
570714700000010194,500.0000,67.1423,95.2530,1.4187,0.2750,-0.0031,30.0538,-0.5011,-0.4974,-0.0112,0.2226,-0.4931
570714700000010200,500.0000,66.9497,96.2079,1.4370,0.2744,-0.0019,30.2883,-0.5017,-0.4937,-0.0048,0.2513,-0.4907
570714700000010217,500.0000,69.0025,96.3561,1.3964,0.2370,-0.0032,30.3818,-0.4947,-0.4932,-0.0190,0.2186,-0.4897
570714700000010590,600.0000,57.3256,112.1699,1.9567,0.2207,-0.0195,41.8741,-0.5346,-0.4328,0.1770,-0.1865,-0.3713
570714700000010606,600.0000,109.1716,129.1308,1.1828,0.0713,-0.0246,42.7883,-0.3577,-0.3680,-0.0937,-0.3121,-0.3618
570714700000010613,600.0000,108.9639,130.2978,1.1958,0.0832,-0.0234,41.5987,-0.3584,-0.3636,-0.0892,-0.2819,-0.3741
570714700000010620,600.0000,113.5136,134.1507,1.1818,0.0714,-0.0237,44.4651,-0.3429,-0.3488,-0.0941,-0.2912,-0.3446
570714700000010637,600.0000,110.4488,135.4085,1.2260,0.1593,-0.0217,44.0571,-0.3534,-0.3440,-0.0786,-0.2415,-0.3488
570714700000010644,600.0000,108.3996,137.4052,1.2676,0.1747,-0.0203,44.3989,-0.3604,-0.3364,-0.0641,-0.2051,-0.3452
570714700000010750,300.0000,39.6558,59.8135,1.5083,0.2508,-0.0035,20.8544,-0.5948,-0.6327,0.0201,0.2118,-0.5879
570714700000010767,300.0000,40.4616,59.9353,1.4813,0.2335,-0.0032,19.6786,-0.5921,-0.6323,0.0107,0.2186,-0.6000
570714700000010774,600.0000,153.0306,154.0936,1.0069,0.0544,-0.0347,50.9471,-0.2081,-0.2727,-0.1553,-0.5645,-0.2777
570714700000010804,600.0000,137.1217,144.3680,1.0528,0.0679,-0.0293,46.6592,-0.2624,-0.3098,-0.1392,-0.4293,-0.3219
570714700000010811,600.0000,157.7700,159.8556,1.0132,0.0619,-0.0115,48.6753,-0.1920,-0.2507,-0.1531,0.0126,-0.3012
570714700000010835,600.0000,98.9504,126.5844,1.2793,0.1613,-0.0521,42.0924,-0.3926,-0.3777,-0.0600,-0.9950,-0.3690
570714700000010842,600.0000,117.0194,133.8296,1.1437,0.0668,-0.0247,45.4358,-0.3310,-0.3501,-0.1074,-0.3150,-0.3345
570714700000010859,600.0000,119.0463,134.4991,1.1298,0.0676,-0.0192,43.4381,-0.3241,-0.3475,-0.1123,-0.1791,-0.3551
570714700000010897,600.0000,97.4644,122.4083,1.2559,0.0741,-0.0055,40.2592,-0.3977,-0.3937,-0.0682,0.1628,-0.3879
570714700000010903,600.0000,91.0616,111.6122,1.2257,0.0961,-0.0180,38.9593,-0.4195,-0.4349,-0.0787,-0.1485,-0.4013
570714700000010934,225.0000,42.8936,50.2332,1.1711,0.1086,-0.0102,15.3533,-0.5838,-0.6693,-0.0978,0.0449,-0.6446
570714700000010958,550.0000,116.5579,133.6379,1.1465,0.1281,-0.0127,39.6244,-0.3325,-0.3508,-0.1064,-0.0184,-0.3944
570714700000010965,550.0000,109.0665,130.9185,1.2004,0.1537,-0.0115,39.1617,-0.3581,-0.3612,-0.0876,0.0129,-0.3992
570714700000010972,550.0000,107.4908,128.9096,1.1993,0.1625,-0.0110,39.6361,-0.3635,-0.3689,-0.0880,0.0241,-0.3943
570714700000010989,600.0000,126.6411,140.6465,1.1106,0.0718,0.0042,50.7209,-0.2982,-0.3240,-0.1190,0.4026,-0.2801
570714700000011139,600.0000,114.8784,138.1108,1.2022,0.0834,-0.0165,44.7404,-0.3383,-0.3337,-0.0869,-0.1122,-0.3417
570714700000011153,750.0000,133.9621,154.3436,1.1521,0.0692,-0.0327,47.4465,-0.2732,-0.2717,-0.1045,-0.5146,-0.3138
570714700000011160,750.0000,72.1848,133.3162,1.8469,0.1349,-0.0293,49.8585,-0.4839,-0.3520,0.1386,-0.4287,-0.2890
570714700000011177,550.0000,107.7921,128.3675,1.1909,0.1368,-0.0133,41.1630,-0.3624,-0.3709,-0.0909,-0.0308,-0.3786
570714700000011184,550.0000,112.9909,128.9595,1.1413,0.1191,-0.0089,39.7837,-0.3447,-0.3687,-0.1082,0.0767,-0.3928
570714700000011207,600.0000,148.3269,153.6357,1.0358,0.1470,-0.0029,47.8178,-0.2242,-0.2744,-0.1452,0.2261,-0.3100
570714700000011214,600.0000,128.6981,148.4868,1.1538,0.1773,-0.0233,44.6563,-0.2911,-0.2941,-0.1039,-0.2804,-0.3426
570714700000011221,600.0000,108.5755,130.4297,1.2013,0.1230,-0.0203,43.5383,-0.3598,-0.3631,-0.0873,-0.2065,-0.3541
570714700000011238,750.0000,123.5257,142.0065,1.1496,0.0557,-0.0053,45.6469,-0.3088,-0.3188,-0.1054,0.1672,-0.3324
570714700000011245,750.0000,135.9173,148.7152,1.0942,0.0394,-0.0092,46.1849,-0.2665,-0.2932,-0.1248,0.0694,-0.3268
570714700000011252,600.0000,100.0128,133.5327,1.3352,0.2519,-0.0126,42.9029,-0.3890,-0.3512,-0.0404,-0.0154,-0.3607
570714700000011269,600.0000,105.4281,137.0507,1.2999,0.2246,0.0092,44.2890,-0.3705,-0.3378,-0.0528,0.5275,-0.3464
570714700000011276,550.0000,87.5901,114.1516,1.3032,0.2035,-0.0001,35.4408,-0.4313,-0.4252,-0.0516,0.2957,-0.4376
570714700000011689,500.0000,86.6925,114.9032,1.3254,0.1639,-0.0181,36.1012,-0.4344,-0.4223,-0.0438,-0.1507,-0.4308
570714700000011696,500.0000,94.2549,120.1050,1.2743,0.1761,-0.0290,37.9773,-0.4086,-0.4025,-0.0617,-0.4220,-0.4114
570714700000011719,550.0000,111.1577,128.5721,1.1567,0.1322,-0.0104,40.4439,-0.3510,-0.3701,-0.1029,0.0396,-0.3860
570714700000011726,600.0000,115.6416,134.6025,1.1640,0.0945,-0.0235,44.8142,-0.3357,-0.3471,-0.1003,-0.2865,-0.3410
570714700000011733,600.0000,118.1593,134.5432,1.1387,0.0766,-0.0192,42.7220,-0.3271,-0.3473,-0.1092,-0.1787,-0.3625
570714700000011771,750.0000,161.0319,169.8875,1.0550,0.0814,-0.0209,58.9513,-0.1809,-0.2124,-0.1385,-0.2211,-0.1952
570714700000011788,750.0000,162.7625,167.0630,1.0264,0.0575,-0.0148,56.3073,-0.1750,-0.2232,-0.1485,-0.0688,-0.2225
570714700000011795,750.0000,162.8619,177.4972,1.0899,0.1470,-0.0203,58.8613,-0.1746,-0.1833,-0.1263,-0.2062,-0.1962
570714700000011801,750.0000,161.7124,169.6866,1.0493,0.0869,-0.0237,60.3680,-0.1785,-0.2131,-0.1404,-0.2896,-0.1806
570714700000011818,750.0000,161.5302,167.8155,1.0389,0.0757,0.0054,67.6088,-0.1792,-0.2203,-0.1441,0.4324,-0.1060
570714700000011825,599.0000,113.8176,138.6756,1.2184,0.1319,0.0169,44.5779,-0.3419,-0.3316,-0.0813,0.7184,-0.3434
570714700000011832,599.0000,121.4934,149.9683,1.2344,0.1684,0.0048,49.4080,-0.3157,-0.2884,-0.0757,0.4176,-0.2936
570714700000011849,600.0000,81.0615,112.2811,1.3851,0.2272,0.0216,36.7376,-0.4536,-0.4324,-0.0229,0.8353,-0.4242
570714700000011856,600.0000,100.9874,122.1118,1.2092,0.0968,0.0098,40.3806,-0.3857,-0.3948,-0.0845,0.5420,-0.3867
570714700000011863,600.0000,106.2809,126.7571,1.1927,0.0943,0.0108,41.9989,-0.3676,-0.3771,-0.0903,0.5672,-0.3700
570714700000011870,660.0000,118.5090,159.4400,1.3454,0.2727,-0.0012,53.6600,-0.3259,-0.2523,-0.0369,0.2682,-0.2498
570714700000011887,750.0000,152.6017,173.3494,1.1360,0.1001,-0.0198,57.5455,-0.2096,-0.1992,-0.1101,-0.1942,-0.2097
570714700000011894,750.0000,139.6205,163.3072,1.1697,0.1026,-0.0174,53.7736,-0.2539,-0.2375,-0.0983,-0.1330,-0.2486
570714700000011900,660.0000,124.4383,164.6580,1.3232,0.2662,-0.0117,53.2483,-0.3057,-0.2323,-0.0446,0.0089,-0.2540
570714700000012204,600.0000,113.4775,128.8926,1.1358,0.0955,-0.0238,41.5599,-0.3431,-0.3689,-0.1102,-0.2940,-0.3745
570714700000012211,750.0000,127.4049,148.7526,1.1676,0.0890,0.0108,52.6562,-0.2955,-0.2931,-0.0991,0.5663,-0.2601
570714700000012228,750.0000,133.5162,158.1243,1.1843,0.1096,-0.0522,53.3468,-0.2747,-0.2573,-0.0932,-0.9979,-0.2530
570714700000012235,750.0000,138.7554,158.4798,1.1422,0.0890,-0.0108,53.0637,-0.2568,-0.2559,-0.1080,0.0294,-0.2559
570714700000012242,750.0000,144.3538,170.5260,1.1813,0.1119,-0.0069,53.2425,-0.2377,-0.2099,-0.0943,0.1261,-0.2541
570714700000012259,750.0000,175.3271,187.2893,1.0682,0.0617,-0.0290,60.7740,-0.1321,-0.1459,-0.1338,-0.4217,-0.1765
570714700000012266,750.0000,177.0482,190.1718,1.0741,0.0775,-0.0303,58.9544,-0.1262,-0.1349,-0.1318,-0.4536,-0.1952
570714700000012273,550.0000,88.2360,120.6265,1.3671,0.2632,0.0008,36.4945,-0.4291,-0.4005,-0.0293,0.3195,-0.4267
570714700000012280,660.0000,132.0275,166.4159,1.2605,0.2112,-0.0116,58.2649,-0.2798,-0.2256,-0.0666,0.0106,-0.2023
570714700000012297,660.0000,126.5110,164.6776,1.3017,0.2544,-0.0126,58.6898,-0.2986,-0.2323,-0.0521,-0.0153,-0.1979
570714700000012303,660.0000,137.5718,172.0915,1.2509,0.2258,-0.0165,58.1107,-0.2609,-0.2040,-0.0699,-0.1117,-0.2039
570714700000012327,750.0000,133.3639,154.8364,1.1610,0.1121,-0.0022,49.2445,-0.2752,-0.2698,-0.1014,0.2432,-0.2953
570714700000012372,600.0000,106.9754,129.4464,1.2101,0.1260,-0.0013,41.8453,-0.3652,-0.3668,-0.0842,0.2654,-0.3716
570714700000012389,600.0000,116.1210,131.5106,1.1325,0.0768,-0.0058,42.8468,-0.3340,-0.3589,-0.1113,0.1531,-0.3612
570714700000012396,600.0000,119.3055,136.4366,1.1436,0.0830,0.0046,44.2305,-0.3232,-0.3401,-0.1075,0.4125,-0.3470
570714700000012402,600.0000,112.6807,128.5874,1.1412,0.0737,0.0042,42.4499,-0.3458,-0.3701,-0.1083,0.4017,-0.3653
570714700000012419,600.0000,107.2288,124.5969,1.1620,0.0956,-0.0001,41.7251,-0.3644,-0.3853,-0.1010,0.2967,-0.3728
570714700000012426,600.0000,106.5065,129.7154,1.2179,0.1558,-0.0183,44.5139,-0.3668,-0.3658,-0.0815,-0.1564,-0.3441
570714700000012433,750.0000,160.7304,172.2305,1.0715,0.0626,-0.0284,56.6371,-0.1819,-0.2034,-0.1327,-0.4083,-0.2191
570714700000012440,750.0000,158.4047,172.0417,1.0861,0.0648,-0.0249,58.6203,-0.1898,-0.2041,-0.1276,-0.3199,-0.1987
570714700000012457,750.0000,160.1269,170.3547,1.0639,0.0591,-0.0239,56.5355,-0.1839,-0.2106,-0.1353,-0.2954,-0.2201
570714700000012495,600.0000,152.5641,159.3818,1.0447,0.0762,-0.0281,51.4077,-0.2097,-0.2525,-0.1421,-0.3998,-0.2730
570714700000012501,450.0000,57.2170,102.5022,1.7915,0.6198,-0.0053,28.6566,-0.5349,-0.4697,0.1192,0.1661,-0.5075
570714700000012518,600.0000,93.5029,118.6240,1.2687,0.1483,-0.0165,54.4196,-0.4112,-0.4081,-0.0637,-0.1123,-0.2420
570714700000012525,600.0000,104.7707,131.3313,1.2535,0.1232,-0.0025,40.6839,-0.3727,-0.3596,-0.0690,0.2356,-0.3835
570714700000012532,750.0000,192.9451,192.4343,0.9974,0.0628,-0.0061,59.3518,-0.0720,-0.1263,-0.1586,0.1471,-0.1911
570714700000012549,750.0000,192.6598,194.0842,1.0074,0.0552,-0.0382,62.2610,-0.0730,-0.1200,-0.1551,-0.6515,-0.1611
570714700000012556,750.0000,182.1582,184.5741,1.0133,0.0575,-0.0110,61.3487,-0.1088,-0.1563,-0.1531,0.0248,-0.1705
570714700000012563,550.0000,74.9090,108.1502,1.4438,0.2266,-0.0101,36.3019,-0.4746,-0.4481,-0.0024,0.0467,-0.4287
570714700000012570,660.0000,118.7975,159.9193,1.3461,0.2653,-0.0193,53.8726,-0.3249,-0.2504,-0.0366,-0.1820,-0.2476
570714700000012624,150.0000,23.5986,35.3047,1.4961,0.4005,-0.0015,10.7004,-0.6496,-0.7263,0.0159,0.2603,-0.6926
570714700000012631,660.0000,110.3679,154.2654,1.3977,0.2798,-0.0211,50.5469,-0.3537,-0.2720,-0.0185,-0.2246,-0.2819
570714700000012648,660.0000,105.9876,152.4070,1.4380,0.3133,-0.0161,49.6709,-0.3686,-0.2791,-0.0045,-0.1020,-0.2909
570714700000012655,1000.0000,177.8121,240.8075,1.3543,0.2940,-0.0120,70.0678,-0.1236,0.0585,-0.0337,0.0001,-0.0807
570714700000012693,660.0000,117.9444,166.2792,1.4098,0.3497,-0.0056,51.3329,-0.3278,-0.2262,-0.0143,0.1605,-0.2738
570714700000012709,660.0000,126.6306,168.9053,1.3338,0.2936,-0.0069,53.2780,-0.2982,-0.2161,-0.0409,0.1266,-0.2537
570714700000012716,660.0000,118.3752,162.8409,1.3756,0.2892,-0.0428,50.5319,-0.3263,-0.2393,-0.0263,-0.7641,-0.2820
570714700000012778,750.0000,172.2493,186.0222,1.0800,0.1440,-0.0163,64.4565,-0.1426,-0.1508,-0.1297,-0.1057,-0.1385
570714700000012785,750.0000,196.8046,195.9808,0.9958,0.0632,-0.0173,60.7381,-0.0588,-0.1127,-0.1592,-0.1313,-0.1768
570714700000012792,660.0000,128.8910,165.1782,1.2815,0.2568,-0.0205,57.5368,-0.2905,-0.2304,-0.0592,-0.2121,-0.2098
570714700000012808,660.0000,143.4903,176.0266,1.2267,0.2206,-0.0181,58.2957,-0.2407,-0.1889,-0.0784,-0.1501,-0.2020
570714700000012815,660.0000,150.4870,161.6550,1.0742,0.0920,-0.0186,52.7675,-0.2168,-0.2438,-0.1317,-0.1643,-0.2590
570714700000012839,750.0000,141.6813,166.7371,1.1768,0.1238,0.0023,53.7285,-0.2469,-0.2244,-0.0958,0.3564,-0.2491
570714700000012846,750.0000,133.6730,155.3067,1.1618,0.1046,0.0394,53.4644,-0.2742,-0.2681,-0.1011,1.2765,-0.2518
570714700000012853,660.0000,138.8616,167.5541,1.2066,0.2462,-0.0221,51.3833,-0.2565,-0.2213,-0.0854,-0.2499,-0.2732
570714700000012860,660.0000,139.8752,170.0906,1.2160,0.2697,-0.0176,52.3611,-0.2530,-0.2116,-0.0821,-0.1379,-0.2632
570714700000012877,660.0000,155.5929,183.7503,1.1810,0.2338,-0.0046,54.5835,-0.1994,-0.1594,-0.0944,0.1841,-0.2403
570714700000012884,660.0000,139.4691,168.3103,1.2068,0.2892,-0.0103,50.4678,-0.2544,-0.2184,-0.0853,0.0433,-0.2827
570714700000012891,600.0000,116.7882,136.2530,1.1667,0.0968,-0.0129,42.8990,-0.3318,-0.3408,-0.0994,-0.0210,-0.3607
570714700000012907,750.0000,125.0472,151.4172,1.2109,0.0829,-0.0106,46.3109,-0.3036,-0.2829,-0.0839,0.0345,-0.3255
570714700000012914,750.0000,117.2084,147.1312,1.2553,0.0935,-0.0157,46.9537,-0.3303,-0.2993,-0.0684,-0.0918,-0.3189
570714700000012921,750.0000,115.4183,141.7032,1.2277,0.0951,-0.0152,50.7961,-0.3364,-0.3200,-0.0780,-0.0796,-0.2793
570714700000013034,2000.0000,387.8577,472.0960,1.2172,0.0842,0.0251,161.5167,0.5928,0.9417,-0.0817,0.9224,0.8619
570714700000013041,2000.0000,351.7104,442.4278,1.2579,0.1029,0.0323,154.1486,0.4695,0.8284,-0.0675,1.1005,0.7859
570714700000013058,2000.0000,306.4450,422.8662,1.3799,0.1786,0.1267,147.8763,0.3151,0.7537,-0.0248,3.4460,0.7213
570714700000013096,660.0000,136.5370,174.9161,1.2811,0.2572,-0.0162,56.1235,-0.2644,-0.1932,-0.0594,-0.1040,-0.2244
570714700000013102,660.0000,135.7775,158.9438,1.1706,0.1154,0.0016,49.9217,-0.2670,-0.2542,-0.0980,0.3391,-0.2883
570714700000013119,660.0000,130.4705,172.3438,1.3209,0.2744,0.0000,54.1106,-0.2851,-0.2030,-0.0454,0.2987,-0.2451
570714700000013126,750.0000,138.2703,163.0851,1.1795,0.0666,-0.0035,51.1301,-0.2585,-0.2383,-0.0949,0.2124,-0.2759
570714700000013133,750.0000,144.8387,164.6139,1.1365,0.0632,-0.0125,50.0897,-0.2361,-0.2325,-0.1099,-0.0126,-0.2866
570714700000013188,660.0000,115.8236,160.7190,1.3876,0.2774,-0.0131,51.1858,-0.3350,-0.2474,-0.0221,-0.0275,-0.2753
570714700000013201,750.0000,126.3695,144.9532,1.1471,0.0897,0.0011,48.0851,-0.2991,-0.3076,-0.1062,0.3266,-0.3072
570714700000013218,750.0000,134.4482,150.2344,1.1174,0.0739,-0.0134,47.0015,-0.2715,-0.2874,-0.1166,-0.0346,-0.3184
570714700000013232,600.0000,112.8239,137.2099,1.2161,0.1662,-0.0212,43.3590,-0.3453,-0.3372,-0.0821,-0.2292,-0.3560
570714700000013249,600.0000,119.4856,135.1993,1.1315,0.0813,-0.0238,51.3423,-0.3226,-0.3448,-0.1117,-0.2917,-0.2737
570714700000013270,600.0000,148.0358,162.8177,1.0999,0.1846,-0.0117,50.7945,-0.2252,-0.2394,-0.1228,0.0069,-0.2793
570714700000013287,600.0000,158.3180,165.6048,1.0460,0.1557,-0.0125,51.9644,-0.1901,-0.2287,-0.1416,-0.0110,-0.2673
570714700000013294,660.0000,107.2833,156.6483,1.4601,0.3623,-0.0221,50.5975,-0.3642,-0.2629,0.0033,-0.2508,-0.2813
570714700000013300,660.0000,104.7957,151.7230,1.4478,0.3112,-0.0256,49.3653,-0.3727,-0.2817,-0.0010,-0.3367,-0.2940
570714700000013317,660.0000,109.3054,150.5893,1.3777,0.2750,-0.0238,50.8683,-0.3573,-0.2861,-0.0256,-0.2937,-0.2786
570714700000013324,550.0000,71.8555,103.4082,1.4391,0.2792,0.0002,32.5421,-0.4850,-0.4662,-0.0041,0.3041,-0.4674
570714700000013331,550.0000,66.8224,98.1650,1.4690,0.2467,0.0012,31.2467,-0.5022,-0.4863,0.0064,0.3286,-0.4808
570714700000013348,550.0000,70.4638,102.2710,1.4514,0.2453,0.0028,32.8822,-0.4898,-0.4706,0.0002,0.3673,-0.4639
570714700000013355,900.0000,139.8129,171.4670,1.2264,0.1012,-0.0152,53.8408,-0.2532,-0.2063,-0.0785,-0.0798,-0.2479
570714700000013362,900.0000,145.2282,175.5160,1.2086,0.0950,-0.0035,55.8508,-0.2348,-0.1909,-0.0847,0.2122,-0.2272
570714700000013379,900.0000,152.4331,179.5031,1.1776,0.0767,0.0035,57.9316,-0.2102,-0.1757,-0.0956,0.3857,-0.2058
570714700000013386,660.0000,107.9771,131.4595,1.2175,0.1191,-0.0191,44.6462,-0.3618,-0.3591,-0.0816,-0.1760,-0.3427
570714700000013393,660.0000,108.5853,151.2371,1.3928,0.2993,-0.0161,50.3125,-0.3597,-0.2836,-0.0203,-0.1012,-0.2843
570714700000013409,660.0000,106.6006,135.9784,1.2756,0.1669,-0.0210,44.5307,-0.3665,-0.3419,-0.0613,-0.2226,-0.3439
570714700000013430,599.0000,103.1706,134.1073,1.2999,0.2021,-0.0133,46.2048,-0.3782,-0.3490,-0.0528,-0.0309,-0.3266
570714700000013485,750.0000,126.8210,142.6763,1.1250,0.0628,0.0130,47.4315,-0.2975,-0.3163,-0.1140,0.6212,-0.3140
570714700000013515,1000.0000,177.7221,208.0570,1.1707,0.0857,0.0101,68.9834,-0.1239,-0.0666,-0.0980,0.5490,-0.0918
570714700000013621,750.0000,135.4551,161.0302,1.1888,0.1384,-0.0058,54.4649,-0.2681,-0.2462,-0.0916,0.1554,-0.2415
570714700000013638,1650.0000,341.6100,380.8137,1.1148,0.1205,0.0348,124.4282,0.4350,0.5931,-0.1175,1.1622,0.4796
570714700000013669,660.0000,154.7715,182.4407,1.1788,0.2339,-0.0042,54.3783,-0.2022,-0.1644,-0.0951,0.1938,-0.2424
570714700000013676,660.0000,139.1605,175.9791,1.2646,0.2906,-0.0129,54.6312,-0.2555,-0.1891,-0.0651,-0.0232,-0.2398
570714700000013812,750.0000,129.3410,160.9224,1.2442,0.1281,-0.0181,58.2093,-0.2889,-0.2466,-0.0723,-0.1504,-0.2029
570714700000013829,750.0000,139.6565,164.5537,1.1783,0.0904,-0.0149,56.1657,-0.2538,-0.2327,-0.0953,-0.0713,-0.2240
570714700000013836,750.0000,138.5664,160.9881,1.1618,0.1084,-0.0045,53.0493,-0.2575,-0.2464,-0.1011,0.1861,-0.2561
570714700000013843,750.0000,143.3539,159.6906,1.1140,0.0870,0.0001,51.7348,-0.2412,-0.2513,-0.1178,0.3001,-0.2696
570714700000013881,660.0000,131.9110,167.6092,1.2706,0.2344,-0.0078,54.5159,-0.2802,-0.2211,-0.0630,0.1039,-0.2410
570714700000013898,660.0000,120.7350,165.2000,1.3683,0.2919,-0.0133,52.5651,-0.3183,-0.2303,-0.0288,-0.0312,-0.2611
570714700000013904,660.0000,110.3322,153.9765,1.3956,0.2866,-0.0060,51.8172,-0.3538,-0.2731,-0.0193,0.1491,-0.2688
570714700000013911,660.0000,115.0302,156.8706,1.3637,0.2905,-0.0049,51.8695,-0.3378,-0.2621,-0.0304,0.1758,-0.2682
570714700000013928,660.0000,101.0594,151.4185,1.4983,0.3463,-0.0216,49.0235,-0.3854,-0.2829,0.0166,-0.2385,-0.2976
570714700000013935,750.0000,126.5039,150.7220,1.1914,0.1047,0.0019,54.1808,-0.2986,-0.2856,-0.0907,0.3448,-0.2444
570714700000013942,750.0000,122.2882,148.0407,1.2106,0.1016,0.0115,56.1184,-0.3130,-0.2958,-0.0840,0.5837,-0.2244
570714700000013959,750.0000,204.2975,212.3808,1.0396,0.0847,-0.0439,67.3437,-0.0333,-0.0501,-0.1439,-0.7914,-0.1087
570714700000013966,750.0000,174.1900,192.0808,1.1027,0.0668,-0.0581,62.9175,-0.1360,-0.1276,-0.1218,-1.1461,-0.1544
570714700000013973,750.0000,200.6858,199.8037,0.9956,0.0639,-0.0417,61.7379,-0.0456,-0.0981,-0.1592,-0.7380,-0.1665
570714700000014178,660.0000,102.1782,148.9808,1.4580,0.3167,-0.0141,50.9078,-0.3816,-0.2922,0.0026,-0.0508,-0.2781
570714700000014215,660.0000,165.1110,187.7384,1.1370,0.1648,-0.0082,57.8134,-0.1669,-0.1442,-0.1097,0.0951,-0.2070
570714700000014222,660.0000,161.5043,188.7916,1.1690,0.1784,-0.0045,59.3959,-0.1792,-0.1402,-0.0986,0.1866,-0.1907
570714700000014239,660.0000,163.2834,185.1568,1.1340,0.1582,-0.0050,57.7091,-0.1732,-0.1541,-0.1108,0.1744,-0.2081
570714700000014284,660.0000,121.5111,152.3520,1.2538,0.1810,0.0060,48.6016,-0.3157,-0.2793,-0.0689,0.4463,-0.3019
570714700000014291,660.0000,125.2900,147.2424,1.1752,0.1040,-0.0004,50.2826,-0.3028,-0.2988,-0.0964,0.2885,-0.2846
570714700000014307,660.0000,133.4695,151.7910,1.1373,0.0913,0.0007,49.8149,-0.2749,-0.2815,-0.1097,0.3161,-0.2894
570714700000014314,660.0000,126.8919,166.1474,1.3094,0.2457,-0.0033,56.3230,-0.2973,-0.2267,-0.0495,0.2174,-0.2223
570714700000014321,660.0000,126.6468,167.8567,1.3254,0.2749,-0.0071,55.8437,-0.2981,-0.2201,-0.0439,0.1215,-0.2273
570714700000014338,660.0000,59.4449,129.3391,2.1758,0.6440,-0.0265,48.4404,-0.5273,-0.3672,0.2537,-0.3605,-0.3036
570714700000105814,850.0000,187.1390,217.2582,1.1609,0.2112,0.0005,61.8473,-0.0918,-0.0315,-0.1014,0.3115,-0.1654
570714700000105821,850.0000,213.2521,224.4151,1.0523,0.1188,0.0037,67.5984,-0.0027,-0.0041,-0.1394,0.3914,-0.1061
570714700000105838,850.0000,210.8963,222.1755,1.0535,0.1312,-0.0229,70.9159,-0.0108,-0.0127,-0.1390,-0.2704,-0.0719
570714700000105883,600.0000,102.6453,124.9046,1.2169,0.1130,-0.0166,41.8123,-0.3800,-0.3842,-0.0818,-0.1143,-0.3719
570714700000106682,900.0000,155.4123,194.9810,1.2546,0.1259,-0.0058,64.3913,-0.2000,-0.1165,-0.0686,0.1541,-0.1392
570714700000106699,900.0000,147.5727,192.7004,1.3058,0.1475,-0.0070,65.6325,-0.2268,-0.1253,-0.0507,0.1238,-0.1264
570714700000106958,225.0000,34.4187,48.3852,1.4058,0.2174,0.0056,15.5235,-0.6127,-0.6764,-0.0157,0.4365,-0.6428
570715000000083464,55.0000,3.7950,8.6801,2.2872,0.3290,-0.0023,3.5073,-0.7172,-0.8280,0.2927,0.2421,-0.7667
570715000000084607,2300.0000,696.8001,710.3645,1.0195,0.0663,-0.0017,228.2026,1.6465,1.8516,-0.1509,0.2569,1.5492
570715000000084652,2300.0000,701.1217,706.9164,1.0083,0.0876,-0.0876,252.0450,1.6613,1.8384,-0.1548,-1.8782,1.7949
570715000000088513,200.0000,20.7089,35.1743,1.6985,0.4320,0.0106,10.9314,-0.6595,-0.7268,0.0867,0.5615,-0.6902
570715000000088643,3600.0000,1363.1452,1245.5611,0.9137,0.1034,-0.0011,449.9852,3.9192,3.8954,-0.1879,0.2708,3.8351
570715000000088667,3600.0000,1411.2128,1250.0133,0.8858,0.0802,0.0105,487.3493,4.0832,3.9124,-0.1977,0.5589,4.2202
570715000000088810,2300.0000,793.9216,723.4305,0.9112,0.0553,-0.0320,237.6499,1.9778,1.9015,-0.1888,-0.4962,1.6466
570715000000088827,2300.0000,709.2786,700.8591,0.9881,0.0547,-0.0509,231.0204,1.6891,1.8153,-0.1618,-0.9661,1.5782
570715000000088858,2300.0000,801.7207,733.0256,0.9143,0.0742,-0.0287,253.7374,2.0044,1.9382,-0.1877,-0.4157,1.8124
570715000000088865,2300.0000,756.5337,720.2227,0.9520,0.0688,-0.0425,236.3337,1.8502,1.8893,-0.1745,-0.7585,1.6330
570715000000088872,2300.0000,782.7392,724.9966,0.9262,0.0631,-0.0360,242.5416,1.9396,1.9075,-0.1835,-0.5958,1.6970
570715000000089336,2300.0000,664.5167,694.3398,1.0449,0.1127,-0.0283,235.7709,1.5364,1.7904,-0.1420,-0.4058,1.6272
570715000000091681,2000.0000,191.5425,262.4670,1.3703,0.3051,-0.0648,104.8289,-0.0768,0.1412,-0.0281,-1.3123,0.2776
570715000000107078,850.0000,137.6633,165.3471,1.2011,0.1444,0.0123,55.8763,-0.2606,-0.2297,-0.0873,0.6040,-0.2269
570715000000125539,2300.0000,665.5714,699.8691,1.0515,0.1406,0.2485,236.0494,1.5400,1.8115,-0.1397,6.4716,1.6301
570715000000125546,2300.0000,703.0029,691.9385,0.9843,0.0605,-0.0007,255.2935,1.6677,1.7812,-0.1632,0.2816,1.8284
570715000000125591,2300.0000,639.3002,605.2490,0.9467,0.0675,0.0012,223.5685,1.4504,1.4502,-0.1763,0.3283,1.5014
570715000000125614,2300.0000,655.5775,611.5464,0.9328,0.0537,-0.0005,236.7934,1.5059,1.4742,-0.1812,0.2862,1.6377
570715000000125621,2300.0000,605.7741,609.9219,1.0068,0.1301,-0.2062,217.4401,1.3360,1.4680,-0.1553,-4.8258,1.4383
570715000000125638,2300.0000,554.4738,582.0195,1.0497,0.0799,0.1782,219.6472,1.1611,1.3615,-0.1403,4.7250,1.4610
570715000000125652,2300.0000,520.9640,552.3346,1.0602,0.0728,-0.0266,224.5852,1.0468,1.2481,-0.1366,-0.3617,1.5119
570715000000125669,2300.0000,535.2358,551.2170,1.0299,0.0705,-0.0215,205.5309,1.0955,1.2439,-0.1472,-0.2357,1.3155
570715000000125683,2300.0000,548.9165,565.6603,1.0305,0.1174,-0.2042,203.6795,1.1421,1.2990,-0.1470,-4.7747,1.2964
570715000000125706,2300.0000,551.2419,564.7236,1.0245,0.0917,-0.0129,215.1827,1.1501,1.2954,-0.1491,-0.0213,1.4150
570715000000128905,3600.0000,1456.5765,1249.1467,0.8576,0.0854,-0.0009,477.5277,4.2379,3.9091,-0.2075,0.2768,4.1189
570715000000161001,3000.0000,1144.8128,1008.9452,0.8813,0.0535,-0.1536,338.0039,3.1746,2.9918,-0.1992,-3.5173,2.6809
570715000000161018,3000.0000,1059.3393,982.8861,0.9278,0.0776,0.0000,416.2559,2.8830,2.8923,-0.1829,0.2984,3.4874
570715000000161025,3000.0000,1128.8008,1004.2296,0.8896,0.0898,-0.1926,340.2383,3.1200,2.9738,-0.1963,-4.4860,2.7039
570715000000161032,3000.0000,1068.9347,970.2199,0.9077,0.0723,-0.1590,348.4306,2.9158,2.8440,-0.1900,-3.6529,2.7884
570715000000161049,3000.0000,1108.2672,964.3432,0.8701,0.0578,-0.0453,320.4368,3.0499,2.8215,-0.2031,-0.8270,2.4998
570715000000161056,3000.0000,1036.5563,967.4381,0.9333,0.0889,0.0000,413.5667,2.8053,2.8333,-0.1810,0.2984,3.4597
571313161170169150,2000.0000,534.4541,537.3307,1.0054,0.0849,-0.0351,204.2433,1.0928,1.1908,-0.1558,-0.5738,1.3023
571313161170169709,2000.0000,546.7434,539.3514,0.9865,0.0846,-0.0229,199.2645,1.1347,1.1985,-0.1624,-0.2702,1.2509
571313161170169785,2000.0000,558.0420,547.6641,0.9814,0.0826,-0.2030,220.3595,1.1732,1.2303,-0.1642,-4.7457,1.4684
571313174000602109,3000.0000,867.5991,903.0773,1.0409,0.0773,-0.1400,296.9482,2.2291,2.5875,-0.1434,-3.1797,2.2577
571313174000602116,3000.0000,893.2228,908.3177,1.0169,0.0578,-0.1435,290.0322,2.3165,2.6076,-0.1518,-3.2664,2.1865
571313174000602123,3000.0000,936.8830,906.4851,0.9676,0.0549,-0.0664,288.1902,2.4654,2.6006,-0.1690,-1.3515,2.1675
571313174000602130,3000.0000,887.3569,894.5652,1.0081,0.0576,-0.1375,293.7042,2.2965,2.5550,-0.1549,-3.1171,2.2243
571313174000602147,3000.0000,914.6976,925.3978,1.0117,0.0641,-0.1265,293.5796,2.3897,2.6728,-0.1536,-2.8449,2.2230
571313174000602154,3000.0000,949.5909,916.9801,0.9657,0.0496,-0.1240,304.7597,2.5087,2.6406,-0.1697,-2.7835,2.3383
571313174000780944,2300.0000,646.7549,585.2782,0.9049,0.0600,-0.0150,199.7585,1.4758,1.3739,-0.1910,-0.0744,1.2560
571313174000780951,2300.0000,676.4910,605.5991,0.8952,0.0506,-0.0220,201.0322,1.5772,1.4515,-0.1944,-0.2479,1.2692
571313174000828837,3200.0000,1336.8147,1091.5270,0.8165,0.0417,0.1670,365.1940,3.8294,3.3072,-0.2219,4.4474,2.9611
571313174000828844,3200.0000,1258.3064,1079.9509,0.8583,0.0430,-0.0137,376.9523,3.5617,3.2630,-0.2073,-0.0415,3.0823
571313174000832711,3300.0000,1256.9521,1118.6503,0.8900,0.0488,-0.0001,505.5723,3.5570,3.4108,-0.1962,0.2961,4.4080
571313174000832742,3300.0000,1205.2225,1057.2074,0.8772,0.0461,-0.0200,474.8734,3.3806,3.1761,-0.2007,-0.1979,4.0916
571313174000832759,3300.0000,1272.9939,1047.5007,0.8229,0.0367,-0.0145,331.4150,3.6118,3.1391,-0.2197,-0.0608,2.6130
571313174000839574,2000.0000,699.2242,621.0912,0.8883,0.0603,-0.0150,282.3004,1.6548,1.5107,-0.1968,-0.0744,2.1068
571313174000839604,2000.0000,703.2948,632.6181,0.8995,0.0638,-0.0117,286.8343,1.6687,1.5547,-0.1929,0.0089,2.1535
571313174000839611,2000.0000,713.5393,631.4782,0.8850,0.0689,-0.0121,296.6858,1.7036,1.5504,-0.1979,-0.0028,2.2550
571313174001641220,3450.0000,1046.2169,1000.9377,0.9567,0.0418,-0.0209,385.6777,2.8383,2.9613,-0.1728,-0.2203,3.1723
571313174001641237,3450.0000,1040.3703,1003.3164,0.9644,0.0427,-0.0184,383.9490,2.8183,2.9703,-0.1702,-0.1586,3.1544
571313174001641244,3450.0000,1015.9962,980.6959,0.9653,0.0426,-0.0234,374.5772,2.7352,2.8840,-0.1699,-0.2835,3.0579
571313174001641251,3300.0000,1001.3478,917.0182,0.9158,0.0464,-0.0192,341.7815,2.6852,2.6408,-0.1872,-0.1788,2.7198
571313174001641268,3300.0000,979.1776,900.9594,0.9201,0.0423,-0.3661,339.1162,2.6096,2.5795,-0.1856,-8.7988,2.6924
571313174001657931,3600.0000,1354.6686,1176.6376,0.8686,0.0695,-0.0089,373.5963,3.8903,3.6322,-0.2037,0.0777,3.0477
571313174001657962,3600.0000,1181.3295,1086.9881,0.9201,0.0509,-0.0177,381.5419,3.2991,3.2899,-0.1856,-0.1418,3.1296
571313174001657979,3600.0000,1296.3601,1127.1194,0.8694,0.0422,-0.0687,379.5739,3.6915,3.4431,-0.2034,-1.4095,3.1094
571313174001764448,225.0000,15.2579,32.0212,2.0987,0.6747,-0.0093,13.0346,-0.6781,-0.7389,0.2267,0.0668,-0.6685
571313174116253585,850.0000,166.6208,200.5941,1.2039,0.1583,0.0177,68.2829,-0.1618,-0.0951,-0.0864,0.7371,-0.0991
