GSRN,mean_power,std_power,cv,zero_ratio,ramp_mean,ramp_std,mean_power_scaled,std_power_scaled,cv_scaled,ramp_mean_scaled,ramp_std_scaled
570714700000000140,123.628236007783,177.32558790539952,1.4343453698897395,0.3548128648277441,0.017103823260073172,58.651035831791184,-0.3084303415290492,-0.18396725110366047,-0.005731621241547394,0.7233895097918561,-0.19834169110767572
570714700000000157,134.0461581778642,170.9979792215848,1.2756649018966264,0.2665674716721987,0.0029763049450549617,65.2574295870823,-0.2728974770168282,-0.2081312446463547,-0.061248984240976696,0.37237257052870376,-0.1302507774735748
570714700000000317,110.91974991415817,139.27379287055808,1.2556266397854607,0.13459997710884744,0.004684294871794861,45.04935890305328,-0.3517757329754411,-0.3292801766424609,-0.06825974924295272,0.41480984670191556,-0.3385317317469994
570714700000000324,103.42577040173971,135.3496908499275,1.3086650486062108,0.1532562664530159,0.0023697344322343994,45.48399727646944,-0.37733577789849215,-0.3442656127883362,-0.04970325875200263,0.3573015212396567,-0.3340519921125517
570714700000000331,102.11146091335699,134.71642024371167,1.3193075394153888,0.16790660409751632,-0.006230654761904604,44.58712780413078,-0.38181855097122147,-0.3466839587392353,-0.045979782051033556,0.14361343929327905,-0.34329586464636225
570714700000000348,102.73561004921598,135.40290733177673,1.3179744323016267,0.167677692571821,-0.014414835164835204,44.19367053958883,-0.3796897381122054,-0.34406238866560257,-0.04644619478908437,-0.05973338294090388,-0.3473511579895994
570714700000000355,122.15213105184846,148.7741331980524,1.2179413647307062,0.1135401167448781,-0.005742673992673994,47.55527837408838,-0.3134649575060882,-0.29300009457699216,-0.08144465549769699,0.15573796903835954,-0.3127036699334565
570714700000000362,119.8371386059288,146.65355070374275,1.2237738017593758,0.1104498111479913,-0.005958791208791298,47.75067328665441,-0.3213608038739861,-0.3010982157250839,-0.07940406708888278,0.1503682500238794,-0.3106897696712415
570714700000000379,77.86887055053221,105.21677380228994,1.3512045706892664,0.33352409293807944,-0.010682119963369952,33.935265854498375,-0.4645038182178294,-0.45933777501355916,-0.034820002361495045,0.033010879423033095,-0.4530826922138065
570714700000000850,83.55584296669338,98.55281677902327,1.1794844415405865,0.14970813780473846,-0.007795329670329673,31.751446120676345,-0.4451070117290536,-0.4847862220534177,-0.09489953744750136,0.10473701492415498,-0.47559092989931034
570714700000000881,89.93597344626303,109.55086972144298,1.218098448524604,0.16973789630307887,-0.006662087912087862,35.66202923029932,-0.42334602060244464,-0.4427866462954201,-0.0813896967613292,0.13289391018015811,-0.4352852523028078
570714700000000966,150.48936705963143,195.4667536238064,1.2988741825617,0.20808057685704476,-0.008184523809523855,61.240502911772694,-0.21681390259543967,-0.11468941911670272,-0.053128778421477514,0.09506697008875933,-0.17165251909758278
570714700000000997,92.1717523177292,105.33026096329657,1.1427607516911267,0.14181069016824996,-0.0070741758241758745,35.618028022126595,-0.41572035145056285,-0.45890438806395883,-0.10774801493081333,0.12265503917797313,-0.43573876485087315
570714700000001048,86.82907176376331,119.47100370068307,1.375933213080165,0.2640494448895502,-0.015602106227106222,38.14215528193923,-0.43394286656987746,-0.4049034481719062,-0.02616821910510728,-0.0892327079505241,-0.4097230386293276
570714700000001079,86.54206249284651,114.24943419279519,1.320160750759077,0.1964060890465835,0.002106227106227055,35.981454997661785,-0.43492178169044976,-0.42484367807172135,-0.045681269924860476,0.35075433205992734,-0.4319929883016552
570714700000002090,102.27202060203733,110.3473375439015,1.0789592001246069,0.10140780588302621,-0.0012307692307691408,32.613960681272786,-0.38127092299216175,-0.4397450796814668,-0.130070194484752,0.2678422299889242,-0.4667011472691591
570714700000002137,82.68981046125673,107.85853012595723,1.3043751040703255,0.16447293121208653,-0.0036872710622710934,34.45523495849784,-0.44806082681583104,-0.44924938523848473,-0.05120417698761369,0.20680718229257786,-0.44772346406842506
570714700000002144,83.57680897333182,107.98919504270827,1.2920952159966541,0.15588874899851207,-0.00412614468864472,34.18251830850494,-0.44503550204976405,-0.4487503995454053,-0.05550052809119102,0.1959027846752535,-0.45053430558788116
570714700000002151,38.320357903170425,46.9291736712547,1.2246538456096212,0.09396818129792835,-0.002419642857142799,16.006676533962885,-0.5993936665595943,-0.6819275816158796,-0.07909616710278235,0.23830308714762696,-0.6378694415697798
570714700000002168,47.93273457708596,79.45626342074775,1.6576618071511295,0.42600434931898823,-0.011667353479853492,24.012964303010733,-0.5666083114361348,-0.5577125067045876,0.07239985812690239,0.008531445335314549,-0.5553500718190173
570714700000002175,70.26936591507382,83.96121879496556,1.1948481063062308,0.11994963946434703,-0.011652586996337016,25.873197016629327,-0.49042378231078765,-0.5405088966186525,-0.08952426874188577,0.008898338212892574,-0.5361769874201521
570714700000002182,107.0223576742589,115.5680769316068,1.0798498504710414,0.12338331234977681,-0.0036130952380953674,36.08537536594931,-0.3650687397910452,-0.41980801986054467,-0.1297585836153492,0.20865017907296826,-0.43092189973442857
570714700000002199,111.07943195604898,122.64589769933485,1.1041278798388383,0.13025065812063638,-0.006769459706959757,38.625024109131495,-0.35123109842481687,-0.392779102006443,-0.12126445584795893,0.13022611545792032,-0.4047461963721407
570714700000002205,107.11271729426576,122.48229462607932,1.1434897528515633,0.18072564953645415,-0.004031707875457892,42.05534283656883,-0.36476054626812754,-0.3934038725640509,-0.10749296008655411,0.19824919261325405,-0.36939051748601565
570714700000002304,106.65602369234291,119.31096538684719,1.1186519172232445,0.18106901682499713,-0.012396978021978037,38.19365298672592,-0.3663182111859291,-0.4055146055577929,-0.1161829466623271,-0.009597044600216393,-0.4091922610373657
570714700000002311,112.24196806684216,122.76834726625167,1.09378291721632,0.1806111937736065,-0.012937614468864485,39.018597491338284,-0.347265985474174,-0.39231148924905934,-0.12488383668539636,-0.023029874528913065,-0.40068970622499195
570714700000002489,120.49456689939338,138.69754577248665,1.1510688767261332,0.07542634771660753,-0.02159809981684993,46.35010207753395,-0.3191184843311059,-0.33148076012550903,-0.10484126024798038,-0.2382111251631161,-0.32512520551886265
570714700000002496,115.0730058372439,132.07151423996737,1.147719339379782,0.068215634657205,-0.018474015567765557,44.554047760904396,-0.33761004066268757,-0.356784376573067,-0.10601315924153262,-0.16058910644323404,-0.3436368147092519
570714700000002502,117.36440162527184,137.7558526461983,1.1737447704631385,0.057571248712372666,-0.026982257326007352,48.40530571557215,-0.32979467645179944,-0.33507691591830263,-0.09690766993371154,-0.37198766306829595,-0.3039425908274405
570714700000002786,97.14873526382053,131.19399083527858,1.3504446607462626,0.2646217237037885,-0.03323031135531131,44.13350135651133,-0.398745137217251,-0.3601354798008474,-0.0350858712279421,-0.5272288563772182,-0.34797131095052203
570714700000002830,126.55814352752661,142.12346023465454,1.1229894519094494,0.05379420853839991,-0.006467490842490751,44.72018017125091,-0.2984371773229112,-0.31839781219394697,-0.11466537811250972,0.13772893259785643,-0.3419245178005686
570714700000002847,134.44423715234063,153.47290834455103,1.1415357890769893,0.054824310404028846,-0.014457417582417541,51.64792574735571,-0.2715397315821525,-0.27505632182299894,-0.10817659127023242,-0.060791399611127415,-0.27052148867839815
570714700000002854,127.67299988554424,148.39878992675577,1.1623349499094695,0.19308687192400137,-0.02144001831501835,46.95933250672693,-0.29463468779829227,-0.2944334626686545,-0.10089961145901562,-0.2342833804814436,-0.3188459769300094
570714700000003134,124.97259929037428,147.24066808596353,1.1781836092234053,0.10049215978024494,0.009157509157509245,49.1966673768098,-0.30384506266099365,-0.2988561205921981,-0.09535465823752497,0.5259527914306088,-0.2957861683487599
570714700000003165,88.49083209339591,121.69329349907628,1.375207924032599,0.21723703788485751,-0.002449633699633658,38.36673556767579,-0.42827502765914016,-0.39641692521802546,-0.02642197519646805,0.2375579248691344,-0.40740832996883297
570714700000003219,101.27131738583039,118.5638473613039,1.1707544685094917,0.08767311434130709,-0.0041895604395604455,48.88765470621942,-0.3846840653844655,-0.4083677142196855,-0.09795388363057131,0.19432713619325162,-0.29897110643213715
570714700000003226,374.2893670596315,444.6456050435008,1.1879728471491955,0.0842394414558773,0.011641483516483586,160.52561119515383,0.5465105826529528,0.8368795633462756,-0.09192970819617857,0.5876704305270972,0.851661255964885
570714700000003233,103.99987409866085,131.87795644910148,1.2680588086481115,0.12075082980428065,0.0023122710622711716,43.535748350796666,-0.375377657215152,-0.3575235387814673,-0.06391011982512204,0.35587376756102257,-0.3541322437974392
570714700000003240,106.03033077715463,136.945344846348,1.2915676471307806,0.09785967723474877,0.008951465201465102,44.60458543452001,-0.36845228948087844,-0.3381720986675112,-0.055685108037320026,0.520833355929513,-0.3431159319861061
570714700000003257,107.24414558773034,135.04178173437083,1.2591995674383998,0.09259471214375643,0.011595695970696056,45.728739246313744,-0.3643122780176542,-0.34544146203120724,-0.06700969292545103,0.5865327781935218,-0.3315294805958923
570714700000003264,130.34431727137462,153.2308778159583,1.1755854111916078,0.06993247109991989,-0.005723443223443295,49.923343726798706,-0.285523508314494,-0.2759805926529902,-0.0962636869610977,0.15621578301845962,-0.2882964457527658
570714700000003271,131.2706077601007,153.793334184744,1.1715747859246906,0.07428179008813093,-0.002129120879120888,46.689181512825144,-0.2823641686786705,-0.27383267347174417,-0.09766688006743382,0.24552149120416397,-0.3216303746930402
570714700000003288,123.3623669451757,148.24665461692962,1.2017170089060702,0.08092022433329518,0.003479853479853471,46.09784732145003,-0.3093371528130447,-0.29501443991107756,-0.08712105324935546,0.3848839020672033,-0.32772514997366364
570714700000003295,112.39223989927893,138.44882544850515,1.2318361621102756,0.09431154858647132,0.006307234432234422,45.390463763067835,-0.3467534467380608,-0.33243057807458654,-0.07658329782916182,0.45513393366551086,-0.33501602523240953
570714700000003301,108.11004921597802,133.12648190789787,1.2313978475945655,0.0957994735034909,0.0049107142857142926,44.02360708144442,-0.3613589024979631,-0.3527556457855848,-0.0767366504527352,0.42043553749144846,-0.3491039715017449
570714700000003318,130.5093853725535,150.4350262824475,1.152675923290988,0.07370951127389264,0.003640109890109901,47.42235733596429,-0.28496050329499756,-0.28665744417430744,-0.10427900461169186,0.3888656852347192,-0.3140736631948805
570714700000003349,119.7340391438709,146.01560055016233,1.219499497337694,0.10209454046011217,0.03492445054945063,47.58692560763414,-0.3217124497354907,-0.30353443202131425,-0.08089951333472364,1.1661666421504076,-0.3123774875825488
570714700000003356,118.53926977223303,147.47396577398297,1.244093759454959,0.09282362366945175,-0.016472069597069573,46.16077572745761,-0.32578750208399837,-0.29796519890147366,-0.07229474555872632,-0.11084810228846442,-0.32707655819767967
570714700000003363,116.62599290374271,147.01200759210275,1.260542387951536,0.13643126931441,-0.02313415750915733,46.85461506634203,-0.3323131994958752,-0.29972933367682747,-0.06653988177091057,-0.27637651682374403,-0.3199252807761542
570714700000003370,106.19395673572166,133.06516114637472,1.2530389227093757,0.08778757010415475,-0.0024496336996337555,43.23209230540848,-0.3678942032405011,-0.35298981868715323,-0.06916511100593335,0.237557924869132,-0.3572619721071452
570714700000003387,100.75806340849262,127.06748634806999,1.261114813540172,0.0842394414558773,0.0077609890109890285,40.93391190822676,-0.38643464325780347,-0.37589385437256534,-0.06633960785190599,0.49125439525654424,-0.3809489046056439
570714700000003394,108.33877761245279,131.02018694343408,1.2093563341845777,0.07725763992217008,-5.856121448572254e-17,41.39353654585853,-0.36057876851449217,-0.3607992054403561,-0.08444829081096879,0.2984223247154389,-0.3762116360345685
570714700000003400,182.92606157720041,215.3846869853918,1.1774412302343964,0.08343825111594369,-0.023191391941391904,72.3718739555017,-0.10618064457138833,-0.038626432736987786,-0.09561439356813757,-0.27779858224071735,-0.05692347743841146
570714700000003417,192.75302735492735,228.154162118791,1.1836605901845447,0.09705848689481515,-0.03242902930402939,75.45136615836603,-0.07266338097068689,0.010137884098267496,-0.09343843285700908,-0.5073199405396445,-0.025183704517037598
570714700000003424,190.98627675403458,193.0555631020867,1.0108347384074987,0.07130594025409179,0.05550595238095244,65.68248110855072,-0.07868931480888514,-0.12389731978004068,-0.15390482591811508,1.6775413660927436,-0.12586984779992808
570714700000003431,139.57760100721072,156.24380123473958,1.1194045470567149,0.10209454046011217,-0.020879120879120947,51.09810337455981,-0.2540311421178477,-0.26447478284804954,-0.11591962487989585,-0.22034713939514047,-0.27618840910229164
570714700000003479,128.08974476364887,152.976689490922,1.1942930308214332,0.08092022433329518,-0.011183608058608093,49.12901065874401,-0.29321327774664296,-0.27695129190949075,-0.08971847239890378,0.020550742239542646,-0.29648349398771306
570714700000003486,121.52948380450957,145.6959088807236,1.1988523633909922,0.06810117889435734,-0.00832188644688644,44.803513902842795,-0.31558864780799295,-0.3047552767071954,-0.08812330366452424,0.09165401308803316,-0.34106561199948976
570714700000003493,122.19011102208997,145.46941917310167,1.1905171208724346,0.08069131280759986,-0.006181318681318854,46.28929699364488,-0.3133354175541921,-0.30562019995165296,-0.09103954591187587,0.1448392596826988,-0.325751912595214
570714700000003523,380.7870779443745,459.06757219051457,1.2055755007988356,0.07451070161382625,0.020066391941392026,154.12396179935251,0.5686726104294914,0.8919544484138039,-0.08577108688140711,0.7969984599050506,0.7856806056628665
570714700000003530,374.5210941970928,438.82573582195664,1.1716983171875048,0.07359505551104498,-0.02126831501831496,143.33634814413125,0.547300944573957,0.8146545350115689,-0.09762366031867599,-0.2300171842305319,0.6744946096529525
570714700000003585,30.201590362824774,44.338630255259915,1.4680892536651469,0.2265079546755179,-0.0018084935897435856,13.584521676050983,-0.6270847034388869,-0.6918203985557587,0.006074314726899277,0.25348790167002905,-0.6628341565637061
570714700000004384,130.93800640952273,165.30311451086925,1.2624532711599865,0.2622181526839876,0.00885222069597088,61.905392356850975,-0.2834985867069227,-0.22987890335480812,-0.0658713231381136,0.5183674944964943,-0.16479962303083062
570714700000004469,5.035375987180956,19.342233803349103,3.841269023920061,0.8864598832551219,-0.013859890109890109,4.814227976008261,-0.712920215654879,-0.7872771173000125,0.8363761435182192,-0.04594503665796381,-0.7532279981958409
570714700000004476,0.049655488153828545,1.2909514559993027,25.998162620011772,0.9979397962687422,7.942873058501864e-22,0.4323764834826284,-0.7299252314435841,-0.8562117009436625,8.588384442153572,0.29842232471544033,-0.7983909543541922
570714700000004513,76.7097275952844,104.30094534013858,1.359683427510311,0.1819846629277784,0.004680975274725291,35.03913933032525,-0.4684573579838877,-0.4628351583303004,-0.03185351393410682,0.4147273669077319,-0.44170526660315423
570714700000004520,80.80596669337301,143.6105611569849,1.7772271904367003,0.46583495478997367,0.053351190476190476,48.64032244555323,-0.4544861354592995,-0.3127188426368628,0.11423206892123294,1.6240034472746634,-0.3015203156109664
570714700000004568,7.915500743962458,23.97281137294847,3.0285906284872395,0.837014993704933,-0.010599816849816856,7.755007873358424,-0.7030968477039343,-0.7695937787621927,0.5520452359297953,0.03505580949263522,-0.7229179080885116
570714700000004575,25.077983289458622,67.39573215877405,2.6874462503969943,0.7048185876158864,0.04708676739926743,22.79661027372977,-0.6445600150201749,-0.6037694950707045,0.4326894228723704,1.4683555432564868,-0.5678868142876187
570714700000004605,131.14731681355158,164.23747814759213,1.2523129114496783,0.2245622067071077,0.004800022893773026,55.43114994946892,-0.28278468252277406,-0.2339483759609372,-0.06941911977686818,0.417685262975032,-0.23152847646228333
570714700000004704,0.5903216206936018,1.8252422797417511,3.091945501838764,0.7615314181069017,0.0002472385966920405,0.8071677143502198,-0.7280811577290526,-0.8541713408866544,0.5742111366617751,0.30456529572729174,-0.7945280484667882
570714700000004728,18.53895765136775,23.27484537877138,1.255455987141447,0.10758841707679982,0.0010805860805860885,7.789040926426754,-0.6668629568397537,-0.7722591847029007,-0.06831945529817392,0.3252709197878301,-0.722567135524384
570714700000004735,155.1521724848346,151.118777370638,0.9740036181923857,0.046926862767540344,-0.001031478937728921,51.52779220243238,-0.2009102674256156,-0.28404632238953154,-0.16679088994678176,0.2727938617708112,-0.2717596835446035
570714700000004742,148.70646194345886,153.9231127687429,1.0350801892339252,0.04521002632482545,-0.005527243589743551,51.24745412164423,-0.22289493534811683,-0.2733370725231977,-0.14542209636961165,0.1610906232678348,-0.27464907778211883
570714700000004759,152.35391999542176,154.09829512885923,1.0114494929535773,0.0757697150051505,-0.003636332417582336,50.88915052739477,-0.21045439003989663,-0.2726680827625836,-0.15368974241274203,0.20807282051368378,-0.2783420485608116
570714700000004810,26.0019171340277,36.35046309365492,1.3979916521649276,0.23738125214604555,-0.0007005494505494462,12.189223901239773,-0.6414087132940387,-0.7223257646990101,-0.0184506569794226,0.2810162440117302,-0.6772152400712448
570714700000004940,34.223479226279046,47.29416536313848,1.3819216056450188,0.26759757353782765,-0.0042912087912087915,15.537919551456698,-0.6133670705236838,-0.6805337443344472,-0.024073066702226142,0.1918015480127134,-0.6427008355789012
570714700000004964,2.1656810117889433,5.350971006746697,2.4708029380220546,0.4336728854297814,-0.0008544611686602214,2.291470244981675,-0.7227080102925509,-0.8407072203239274,0.35689266246049484,0.2771921031397594,-0.7792296089302166
570714700000004995,8.13644729312121,15.961354181707469,1.9617105115646314,0.5972301705390867,7.650137478673888e-18,6.5560746674439825,-0.7023432556087421,-0.8001880853178267,0.1787770481233623,0.2984223247154405,-0.7352750972602278
570714700000005039,7.519244591965204,12.336478124231832,1.6406539211949764,0.24951356300789745,-0.0005105311355311284,4.063594195710313,-0.704448375957955,-0.8140308316099539,0.06644932753909477,0.28573750119607,-0.7609646457222119
570714700000005053,31.260525580863003,46.4918512733158,1.4872383112386658,0.2717179810003434,-0.0007793040293040334,13.559287899733278,-0.6234729466014408,-0.6835976367864691,0.012773974703022871,0.2790594819979796,-0.663094236563106
570714700000005060,5.240044809431155,7.987079647268879,1.5242388066784365,0.23028499484949067,0.0007766267956275428,3.4150895140585136,-0.712222142717477,-0.8306403980296928,0.025719297857588003,0.31771864800961247,-0.7676486669757584
570714700000005091,41.65175907061921,54.21006281730255,1.3015071638484979,0.20785166533134944,-0.0036507554945055076,17.4449366720181,-0.5880311103428885,-0.6541231823393893,-0.05220758011825471,0.20771446002860502,-0.6230455527022334
570714700000005107,106.87677486551448,127.41860495602597,1.1922010662874114,0.1279615428636832,-0.015747023809523742,40.03819183222344,-0.3655652854681938,-0.3745529958904234,-0.09045038575841229,-0.09283337758629005,-0.3901809305179088
570714700000005114,102.99204314982259,123.34188575056282,1.1975865511390749,0.15428636831864484,-0.008672275641025578,40.13224953182379,-0.3788151104780625,-0.390121249472249,-0.08856617202234804,0.08294812860534549,-0.3892114947050676
570714700000005121,104.34451344855214,130.19274805541767,1.2477201124677264,0.15165388577314867,-0.01815613553113558,42.16529211923887,-0.3742021806541506,-0.3639590449541594,-0.07102599736860492,-0.1526909551173853,-0.3682572899813092
570714700000005138,105.04427126015794,128.2849564162877,1.2212465742046106,0.14570218610507038,-0.018308608058607935,41.97396628274731,-0.3718154859653993,-0.3712445562985415,-0.0802882654487348,-0.15647933738818853,-0.37022925100741133
570714700000005213,97.78562435618633,122.24145415084966,1.2500963710737523,0.21906833009042007,0.002255036630036674,42.19023017362782,-0.3965728716292687,-0.3943235987954083,-0.07019461835088622,0.35445170214405114,-0.36800025793470426
570714700000005251,133.3700125901339,148.6423419794379,1.1145109690904669,0.12956392354355042,-0.02398122710622702,47.645310919900886,-0.2752036364569855,-0.2935033814132547,-0.1176317356882027,-0.2974230849948993,-0.3117757206576103
570714700000005268,127.26756323680897,129.28293473880206,1.0158357043282353,0.061806111937736066,-0.009947344322344258,42.777411033657756,-0.29601752837557865,-0.36743345751762774,-0.1521551434028016,0.05126735524609257,-0.3619482902941327
570714700000005275,104.92993018198466,145.271759040537,1.3844644591737145,0.2773263133798787,-0.055677655677655695,44.80218951431143,-0.37220547410051713,-0.3063750282613046,-0.023183401299845873,-1.0849629129127711,-0.34107926223416357
570714700000005282,99.08198466292777,123.5179262028422,1.2466234565551382,0.1800389149593682,-0.0024381868131869576,36.30045755925997,-0.3921513186183668,-0.38944898281280577,-0.07140968318170242,0.23784233795252374,-0.42870508620628855
570714700000005299,102.30620350234634,124.09883535628721,1.2130137871203586,0.15646102781275037,0.00018315018315024107,36.65903621794986,-0.3811543338733831,-0.38723059578317764,-0.08316866172455917,0.3029729340497451,-0.42500928038782215
570714700000005305,103.30984319560491,127.10404446623838,1.2303188208850726,0.17294265766281333,-0.0014537545787546133,38.082316727617375,-0.37773117590988237,-0.37575424552892533,-0.07711416835569221,0.26230186312440684,-0.41033978385906134
570714700000005312,150.3263706077601,160.16159942659496,1.0654258383214577,0.08675746823852581,-0.00675366300366302,49.78740838179241,-0.21736984174969343,-0.2495134198845454,-0.13480509708070762,0.1306186055130048,-0.2896975069337213
570714700000005329,146.24752203273437,158.4282184296288,1.0832882241530768,0.07645644958223646,0.04540979853479858,51.98223567810651,-0.2312817496537938,-0.25613288851964877,-0.1285556035495132,1.4266890265392722,-0.26707581627905863
570714700000005336,104.21689367059629,128.10534043153854,1.229218564472356,0.17145473274579376,0.004578754578754546,37.69452263719493,-0.3746374590335772,-0.3719304772700367,-0.07749911387185929,0.4121875580730227,-0.41433670788400634
570714700000005343,125.72570676433558,143.94812031524324,1.1449378493856022,0.07668536110793178,-0.0038576007326007865,44.464208177083066,-0.30127640593669414,-0.31142976524159083,-0.10698631612491705,0.2025751156116752,-0.34456277516051964
570714700000005350,80.42710312464234,111.34642790862462,1.3844391204301476,0.21712258212200986,-0.0024267399267398587,34.931221699291456,-0.4557783420660051,-0.4359297342124131,-0.023192266538538103,0.23812675103592296,-0.44281755423942076
570714700000005367,112.5416962344054,132.10295069017585,1.1738133963702453,0.07966121094197093,0.001007326007326002,41.69310410276005,-0.34624368945442574,-0.3566643264533771,-0.0968836598621243,0.3234506760541085,-0.37312404704122043
570714700000005374,116.50658120636373,138.5824854509455,1.1894820362592184,0.08561291061004922,-0.0011332417582417232,42.65698876135902,-0.3327204822145277,-0.3319201546907659,-0.0914016898413325,0.2702654294594394,-0.3631894610215282
570714700000005381,84.44738468581892,116.08175131324913,1.3746044563147082,0.22673686620121322,-0.0017628205128205818,35.76443023036492,-0.4420661912472441,-0.4178463902684995,-0.026633109791521253,0.25462270987276914,-0.4342298235908985
570714700000005404,167.5992560375415,192.49257283884646,1.1485288025128761,0.07794437449925604,-0.01760531135531146,64.69595094712533,-0.1584564531016044,-0.12604727780768143,-0.10572995325428663,-0.13900499754446943,-0.13603783694911434
570714700000005411,140.56060432642784,185.34692194466035,1.3186263877624202,0.21036969211399795,-0.07495421245421242,58.96167425947507,-0.25067836954126654,-0.1533352266511559,-0.046218095840082615,-1.563914545348195,-0.1951399966379939
570714700000005428,169.2766281332265,182.9344487195537,1.0806834395093103,0.0763419938193888,-0.015041208791208821,68.05706461428957,-0.15273536645500577,-0.16254802572681804,-0.12946693672386203,-0.07529646686422103,-0.10139544218692202
570714700000005435,127.16639578802793,147.2363997687837,1.1578247449444916,0.09362481400938537,0.007635073260073233,46.26790394433785,-0.2963625846345808,-0.2988724205238035,-0.10247759197173614,0.4881258513392095,-0.32597240691127993
570714700000005442,119.06110793178435,139.58492381049825,1.1723805215257441,0.11800389149593682,0.007280219780219747,43.892340366753984,-0.3240076457635226,-0.32809202383476954,-0.09738497822777455,0.4793090457539967,-0.35045691394872813
570714700000005466,120.51200640952271,150.14692490351456,1.2459084316734945,0.11033535538514364,-0.009878663003663083,45.70958169681382,-0.3190590026282799,-0.2877576512522173,-0.0716598481604795,0.05297383374645274,-0.3317269340170414
570714700000005473,127.49642898019916,146.37484107239186,1.1480701243414795,0.06569760787455649,0.005975274725274802,44.66657267072214,-0.2952369259369535,-0.3021625574169898,-0.10589043048795883,0.44688595424708827,-0.34247704067823104
570714700000005480,125.96944031131967,146.8855210246895,1.1660409116820558,0.07130594025409179,0.0002632783882784156,46.06233673419492,-0.30044509322762625,-0.3002123630092243,-0.09960301063855666,0.30496382563350205,-0.3280911512172237
570714700000005497,136.64791118232804,158.85518706789756,1.1625145653045406,0.08309488382740071,0.0023580586080584934,49.9010152559503,-0.2640235638225663,-0.25450237248529767,-0.10083676961581613,0.35701141989459284,-0.2885265812906154
570714700000005503,5.162245622067071,6.194549605842353,1.1999718842052938,0.28808515508755866,-0.0006936813186813149,2.0788907976685387,-0.712487495821353,-0.8374857461715446,-0.08773161813309706,0.2811868918617666,-0.7814206271049646
570714700000005619,6.799859677234748,10.631904101319789,1.5635475739174947,0.14970813780473846,-0.0011535511932696176,4.271528058386616,-0.706902013669001,-0.8205402916193961,0.039472213559636364,0.26976081459625584,-0.7588215087537624
570714700000005626,4.9176337415588876,9.230606167235917,1.877042222406303,0.156918850864141,-0.0012967435471870827,3.608377557130384,-0.713321804301132,-0.8258915950774001,0.1491542457508134,0.2662030105518921,-0.7656564818389323
570714700000005817,48.60593510358247,52.98138967199522,1.0900189361461385,0.13025065812063638,-0.0036889880952380998,16.527285886514544,-0.5643121968456214,-0.6588152629393212,-0.12620073665449222,0.20676452033006945,-0.6325036144975879
570714700000005886,2.553109763076571,6.356100524261085,2.489552394567557,0.6248140093853726,-0.0011950549450549439,2.3953103275742107,-0.7213865900416704,-0.8368688124222323,0.363452514458939,0.2687295988091112,-0.7781593478532255
570714700000005923,5.280269199954217,7.41619232665768,1.404510271317603,0.30485292434474076,-0.0013648486235906829,2.9892299846359798,-0.7120849476227924,-0.8328205134916588,-0.01616999477612095,0.2645108495555718,-0.772037924642234
570714700000005961,6.871747281675632,8.724182308836767,1.2695726357837522,0.3147533478310633,-0.0003685686487723864,3.5446102232156407,-0.7066568234605309,-0.8278255362320617,-0.06338047876929027,0.28926474755888426,-0.7663137202941467
570714700000005978,11.423672656518253,14.827504731046234,1.297963026153921,0.21483346686505667,-1.6165335248662995e-17,5.557502121343272,-0.6911313717463181,-0.8045180513718665,-0.053447563724291984,0.29842232471543995,-0.7455672051049154
570714700000006029,18.664467895158523,40.31112507756,2.15977896096446,0.6224104383655717,-0.018047390109890094,9.902417764520957,-0.6664348735411166,-0.7072007126633683,0.24807504139964656,-0.1499890308251411,-0.7007849401104745
570714700000006067,40.00374361909122,44.654913421201,1.1162683634411175,0.10884743046812408,-0.0036899038461538137,13.109088563280269,-0.593652068994448,-0.6906125703284834,-0.11701687803538528,0.20674176728339885,-0.6677343602481345
570714700000006074,60.00561130822937,66.9823691270405,1.1162684233475064,0.10529930181984663,-0.005535027472527474,19.626630672409068,-0.5254308207468259,-0.605348053753568,-0.11701685707600204,0.16089722237112591,-0.6005592245693274
570714700000006081,51.09909579947351,56.25960314898127,1.1009901891367897,0.09225134485521345,0.007953296703296683,16.920930524064648,-0.5558086642056189,-0.6462963583660838,-0.12236223628614827,0.49603253505756173,-0.6284463899344163
570714700000006258,22.511576971500514,32.521423110168975,1.4446532622455037,0.23738125214604555,-0.0028875915750915817,11.85604227796138,-0.6533133697189845,-0.7369481761120833,-0.002125210138078487,0.22667628029848036,-0.6806492832081602
570714700000006289,4.222133627103125,8.91649407850605,2.1118455420900077,0.3280874442028156,0.0003178618439878664,3.2898760595694228,-0.7156939770752927,-0.8270911323533326,0.2313046281968561,0.3063200240209548,-0.7689392195572807
570714700000006296,14.840127847087102,31.336680348374546,2.111617950415803,0.6051276181755751,-2.2773805633336544e-17,9.51330338699592,-0.6794787180389223,-0.7414724945199174,0.23122500094498138,0.2984223247154398,-0.7047954720974038
570714700000006333,26.173927549502114,32.32287772097643,1.2349265374806648,0.23589332722902598,-0.00334581043956045,10.491108804116825,-0.6408220298183936,-0.7377063850567438,-0.07550207155467262,0.21529122457022015,-0.6947174073204124
570714700000006876,0.015142268513219637,0.02799155336994954,1.8485706646604572,0.6987524321849605,3.370563841893928e-20,0.018010588435349518,-0.7300429471970088,-0.8610347164708204,0.13919293276424002,0.29842232471544033,-0.8026617491959293
570714700000006890,8.895758612796154,15.245850922832295,1.7138337028279764,0.4923505398496814,-0.0003578023655093492,5.568606247276071,-0.6997534391555064,-0.8029204629017093,0.09205265826102431,0.28953225015303863,-0.7454527568737203
570714700000006982,5.5097716035252375,11.347654440961746,2.0595507867696985,0.23108618518942428,-0.002460424655182278,4.324704587330651,-0.7113021736993379,-0.8178069704787368,0.2130083189484491,0.23728980925930543,-0.7582734278228023
570714700000007194,3.950572564953645,7.2864386737368205,1.8444006669758053,0.2835641524550761,-0.00033989583929491265,2.9926722601480633,-0.7166202023120164,-0.8333160192329258,0.1377339802031999,0.28997716155817516,-0.7720024457269165
570714700000007637,17.56592239899279,28.197305587650003,1.6052277214469992,0.5539658921826714,-0.002029304029304027,7.604044586294123,-0.6701817308931391,-0.7534611991375538,0.054054801508429784,0.24800157329135955,-0.7244738595685732
570714700000007651,26.71044294380222,31.698317500747308,1.1867387436232109,0.0946549158750143,-0.0037774725274725487,9.620161955786935,-0.6389921132090015,-0.7400914676183826,-0.09236148265649803,0.20456600719543372,-0.7036941000254189
570714700000007682,7.215158864598833,17.738584238112328,2.458516100753743,0.7376673915531647,0.0032014652014651945,5.932559113289608,-0.7054855344982289,-0.7934011650525615,0.352593880049736,0.3779669758790623,-0.7417015600658151
570714700000007828,23.853354927320588,37.7862344737252,1.5841056567873606,0.3339819159894701,0.008539606227106202,11.594459249385736,-0.6487369087384482,-0.7168428133835241,0.046664847685899666,0.5106001731890002,-0.6833453724917614
570714700000007927,0.03750749685246652,1.969820042302509,52.518035262408404,0.9995421769486094,-4.0667510059529544e-19,1.5735719978075091,-0.7299666651308357,-0.8536192245508463,17.866863481240273,0.29842232471544033,-0.7866288571974364
570714700000007934,34.36572645072679,40.44400010569806,1.1768702216636169,0.19251459310976307,-0.003340315934065898,12.017761904310381,-0.6128819016703344,-0.7066932869544862,-0.0958141717166437,0.2154277428502504,-0.6789824680714074
570714700000008016,31.178175575140205,36.7122601485501,1.1774986660163167,0.1291061004921598,-0.00010382326007326454,10.93230414278128,-0.6237538213812824,-0.7209441271586522,-0.0955942985734961,0.29584269804905705,-0.6901700862230725
570714700000008092,20.26107748655145,32.453365262370795,1.6017591011096095,0.33592766395788026,-0.0035489926739926923,10.190807203339773,-0.6609892471135355,-0.7372080767280824,0.0528412390781348,0.2102428923399772,-0.6978125619721186
570714700000008146,38.76298523520659,42.095086762038626,1.085960911075694,0.0639807714318416,-0.008683951465201473,13.462871911199123,-0.5978839780860313,-0.7003880855275564,-0.12762051347860914,0.08265802726028189,-0.6640879788363343
570714700000008252,8.717478997367518,19.90886959044387,2.2837875028383663,0.35492732059059173,-0.005421450237509319,8.051104424686955,-0.7003615052666652,-0.7851132376758756,0.2914617752637184,0.1637191994882013,-0.7198660941260576
570714700000008450,23.508960741673345,38.3343006573874,1.6306250658470751,0.44523291747739496,0.002614125457875458,11.977679645739434,-0.6499115491069993,-0.7147498477175437,0.0629405428105145,0.3633737405701185,-0.6793955887099445
570714700000008474,32.59273217351494,42.88806608633228,1.3158782104552558,0.22101407805883025,-0.0027387820512820432,13.133146706420082,-0.6189291310894633,-0.6973598408573802,-0.04717959764984074,0.23037365038260219,-0.6674863972887033
570714700000008627,12.614338560146503,22.58044007550805,1.7900613629356876,0.20024035710198007,0.0009394494362731253,9.2655722925906,-0.6870703152763009,-0.7749109930087759,0.11872234691470657,0.32176419257644556,-0.707348791983934
570714700000008702,66.05316401510815,66.13693783949866,1.0012682787515121,0.09122124298958452,0.002256295787545802,19.43345247365507,-0.5048041672303344,-0.608576602988164,-0.15725183276815696,0.3544829875832238,-0.602550277560502
570714700000008757,35.2316940597459,50.524557859745386,1.4340655256050376,0.23761016367174087,-0.0065985576923077195,15.163903883721702,-0.6099283079286172,-0.6681974594393267,-0.005829530057506913,0.13447240279299266,-0.6465557478764231
570714700000008764,17.69841244134142,32.973862218924346,1.8630971748574048,0.2213002174659494,-0.008569907857837825,11.892216448321776,-0.6697298412891342,-0.7352203929559611,0.14427530711011008,0.08549159201714095,-0.680276442532743
570714700000008955,34.81725992903743,42.19221947021881,1.2118190677903031,0.2666819274350464,-0.0023895375457875395,11.910741191596296,-0.6113418366126763,-0.7000171532764432,-0.08358665687902268,0.2390510935569518,-0.6800855113316789
570714700000008962,21.49287581549731,37.80739364250302,1.7590663049028659,0.42142611880508185,-0.0048019688644688405,10.94143900445447,-0.6567878984746953,-0.716762010343503,0.10787813962341458,0.17911103623167562,-0.6900759348448338
570714700000009037,54.487861508526954,63.2805575154644,1.1613698127162038,0.15932242188394186,-0.0037815934065933907,16.306549344716874,-0.544250452228449,-0.6194846030169887,-0.10123728296062166,0.2044636184854128,-0.6347787063798115
570714700000009273,9.886722788142384,23.18921960477051,2.3454910288960913,0.6352294838045096,0.005395947802197792,6.550433522555525,-0.6963735141374289,-0.7725861740528169,0.31304992091148737,0.4324918080965178,-0.7353332395271929
570714700000009280,19.66119091221243,30.256097031236436,1.538874077685856,0.3306626988668879,-0.004158424908424888,8.719373128220871,-0.6630353065888025,-0.7455990468404581,0.030839724230096555,0.19510073978008383,-0.7129783686494682
570714700000009419,71.23873274579374,73.94349299669052,1.037967551451938,0.10518484605699897,-0.01020501373626374,27.625401838844283,-0.48711752030419175,-0.5787647802546275,-0.1444118980862589,0.044865216738892884,-0.5181173270913777
570714700000009426,36.49109099233146,41.66520486502154,1.1417911531824965,0.15703330662698867,0.0006549908424908467,14.105136993666198,-0.6056328275207116,-0.7020297267703551,-0.10808724730798067,0.31469644134724273,-0.6574682680106757
570714700000009556,41.38921506237839,48.89405012465123,1.1813234450318078,0.12601579489527298,0.0008373397435897873,16.857629564371663,-0.58892658071798,-0.6744240736866501,-0.09425612729330533,0.3192271417657095,-0.6290988215543085
570714700000009587,80.8679750486437,103.771934536543,1.2832265736111497,0.14387089389950783,-0.003239125457875448,33.13234603276984,-0.45427464083969227,-0.46485535494498625,-0.05860339037068432,0.21794195450745232,-0.46135824257630775
570714700000009648,70.15008595627788,98.45001635159191,1.4034197536543633,0.1927435046354584,-0.008776327838827874,32.69860599771513,-0.49083061570287145,-0.4851787982996371,-0.016551533006585406,0.08036281367729198,-0.46582872319864554
570714700000009655,66.83878722673687,97.05338632438298,1.4520518751357545,0.1924001373469154,-0.00044036172161167705,33.099501375549586,-0.5021246076520696,-0.4905122758652352,0.000463334518458176,0.2874809533972759,-0.46169676655791797
570714700000009662,58.93838766166877,90.52090219394985,1.5358564389914777,0.2341764907863111,-0.012772092490842487,32.129083252474636,-0.529070847291311,-0.5154586516974361,0.029783946257446535,-0.018917261343035924,-0.47169869182226376
570714700000009785,80.72602071649308,109.1391367929213,1.3519697344703028,0.17179810003433674,-0.01662339743589737,35.960145296638466,-0.4547588107124253,-0.44435897990883727,-0.034552295340441526,-0.11460804325093146,-0.43221262356193396
570714700000009808,113.626423257411,127.48245602136976,1.1219437553936649,0.15005150509328144,-0.0037702609890108148,37.97037267077022,-0.3425439633754679,-0.37430916021603855,-0.11503123481679275,0.20474518743797676,-0.4114935711428614
570714700000009914,118.56253485177979,124.75191026608388,1.0522034673266871,0.1123955591164015,-0.01631055402930402,39.36141583984314,-0.32570815085580673,-0.3847366207774874,-0.13943119366029208,-0.10683503368177602,-0.39715633909235115
570714700000009938,66.71560123612224,95.31470603986668,1.4286719189193164,0.18553279157605584,-0.012959935897435906,32.37699541167426,-0.5025447635183597,-0.4971519815213905,-0.007716585370832108,-0.02358448004153107,-0.46914350573342595
570714700000009945,63.64790465834955,93.22251487125781,1.4646596046116431,0.21735149364770517,-0.0058942307692307514,31.14908106312411,-0.513007890913921,-0.5051416813297339,0.0048743871373721276,0.151972339814224,-0.48179939833598806
570714700000009952,29.143194002518026,37.35178286715204,1.281664009234018,0.20670710770287284,-0.00524839743589744,12.223263863601202,-0.6306946223706114,-0.7185019055209217,-0.05915008307226475,0.16801892597931056,-0.6768643962942743
570714700000010163,130.46482465377133,137.3941202280575,1.0531123664380433,0.10175117317156919,-0.009488095238095268,38.82993818629573,-0.28511248849484877,-0.3364583066225818,-0.13911319811532552,0.06267800815185581,-0.4026341837904767
570714700000010170,142.04083300904202,147.0626700789471,1.0353548832650494,0.10243790774865515,-0.00812362637362644,42.19486224952896,-0.24562968858860176,-0.29953586279925964,-0.14532598946727782,0.09658004769241466,-0.3679525159605177
570714700000010194,67.1423062836214,95.25303212039707,1.4186738197230047,0.2750371981229255,-0.003050709706959695,30.053757403947184,-0.501089381879686,-0.4973875030693062,-0.01121460947805893,0.2226233938601169,-0.49308870252235604
570714700000010200,66.94967734920453,96.20790500686716,1.4370182025680855,0.27435046354583953,-0.0018978937728937743,30.288268543794096,-0.5017463898430805,-0.49374101615525645,-0.004796480175244796,0.2512666354887221,-0.4906716383325685
570714700000010217,69.00247281675632,96.35610943808116,1.3964153095493468,0.23703788485750257,-0.0032115384615384757,30.381813869893474,-0.4947448302202512,-0.4931750502275572,-0.019002170258325134,0.21862739003843118,-0.48970748346135673
570714700000010590,57.32559774522148,112.1698626624036,1.9567150989150184,0.22067071077028727,-0.01951525210324499,41.87413335784779,-0.5345716606639023,-0.4327851857633219,0.1770293085249856,-0.1864600098519682,-0.3712582110299242
570714700000010606,109.17159963374155,129.13077105285674,1.1828238432529703,0.07130594025409179,-0.024570169413919294,42.78830188115449,-0.35773822588400167,-0.3680145431233195,-0.09373118459719736,-0.3120561381355175,-0.36183604028546373
570714700000010613,108.96394105528213,130.2977688997752,1.1957879610252853,0.08320933959024837,-0.02335782967032974,41.59866286203517,-0.3584464961141623,-0.36355798933714645,-0.08919544279207361,-0.28193394847326814,-0.3740974359435312
570714700000010620,113.51358509785967,134.15067241297257,1.1818027974125012,0.07142039601693945,-0.023732486263736297,44.46514273791727,-0.3429288254400608,-0.3488444474185907,-0.09408841679648003,-0.2912427886927515,-0.34455314280989013
570714700000010637,110.44883197894015,135.40854101137214,1.2259843638472445,0.15932242188394186,-0.02173065476190469,44.05711016403702,-0.35338191345128805,-0.3440408746617873,-0.07863066013201453,-0.24150462866881356,-0.3487586612481043
570714700000010644,108.39960627217582,137.40515410926608,1.2675798264825935,0.17465949410552822,-0.020265224358974338,44.398854346028955,-0.36037129753428027,-0.33641617022515297,-0.064077700795166,-0.20509406573272032,-0.3452363653567441
570714700000010750,39.655798214490105,59.81346558973031,1.508315764222208,0.2507725763992217,-0.0034844322344322522,20.854360698449337,-0.5948388216613902,-0.6327248002370954,0.020148320286888337,0.21184698213031913,-0.587905231745762
570714700000010767,40.46164610278127,59.93532813332722,1.4812874390003463,0.23348975620922513,-0.0032139423076923157,19.678612648164837,-0.5920902808905307,-0.6322594292156376,0.010691949496036798,0.21856766329091862,-0.6000234556834838
570714700000010774,153.03057262218155,154.09355191663246,1.006946189093047,0.05436648735263821,-0.034731799450549466,50.94706923261042,-0.20814650121946146,-0.27268619623251295,-0.15526530844354458,-0.5645353205260052,-0.2777450908709253
570714700000010804,137.1217439624585,144.3680426031163,1.0528457298693756,0.06787226736866202,-0.02928914835164839,46.65917901630166,-0.2624074415572093,-0.30982615794543283,-0.1392064859620206,-0.4293054317646805,-0.3219396050349271
570714700000010811,157.76997768112625,159.85562863580137,1.0132195680403182,0.061920567700583726,-0.011503319597069723,48.67530295281891,-0.19198160431596464,-0.2506818670155921,-0.1530704481645608,0.012607084820347135,-0.30115977780663156
570714700000010835,98.95041444431727,126.58440636321357,1.279271108403966,0.16126816985235207,-0.05205849358974358,42.09241637168688,-0.392600070939166,-0.37773864949469954,-0.05998728468682886,-0.9950400283361027,-0.3690084072196071
570714700000010842,117.0194414558773,133.82962456779597,1.1436529084635652,0.06684216550303308,-0.024690132783882858,45.43580599479936,-0.33097124724596516,-0.3500704710944205,-0.10743587700978063,-0.315036787249491,-0.334548690995431
570714700000010859,119.04632528327802,134.49906115381526,1.1298043919773795,0.0676433558429667,-0.019218063186813267,43.4381074614011,-0.3240580655917697,-0.3475140138053991,-0.11228104243241173,-0.17907595686384356,-0.3551386109037996
570714700000010897,97.46439807714319,122.40826688381584,1.2559280034431604,0.07405287856243561,-0.005458104395604417,40.25916244386738,-0.3976684922016497,-0.39368657112766636,-0.06815431146733392,0.1628084782915328,-0.38790342611982903
570714700000010903,91.06159780244936,111.61223623706725,1.2256784301017956,0.09614284079203388,-0.017988896520146565,38.95933582058627,-0.4195068041937361,-0.43491466026378045,-0.07873769683927079,-0.1485356799689995,-0.40130050561940533
570714700000010934,42.89355911640151,50.23315666667014,1.1711118802324365,0.10861851894242876,-0.010203525641025654,15.353308991387424,-0.5837956484093397,-0.6693102679108452,-0.09782883637923702,0.044902190439733855,-0.6446035834572807
570714700000010958,116.55790168249973,133.63789057313875,1.1465365165646546,0.12807599862653085,-0.012749885531135447,39.624367201922304,-0.33254544121350355,-0.3508026685548392,-0.10642699217523864,-0.018365499961249653,-0.3944461466411425
570714700000010965,109.06653691198353,130.91847812121532,1.2003542225500958,0.15371408950440654,-0.011489583333333359,39.16166324692122,-0.35809656792155636,-0.361187613043629,-0.08759784983164551,0.012948380520422392,-0.39921515318316136
570714700000010972,107.49076445004006,128.90957857305878,1.1992619015466564,0.16252718324367632,-0.011038919413919431,39.63608349984265,-0.36347112423693434,-0.36885923721244707,-0.08798001899478713,0.02414572361364271,-0.3943253888632449
570714700000010989,126.64110003433673,140.64647204781275,1.1105910483222168,0.07176376330548243,0.004194482600732539,50.7208737481017,-0.29815423392318446,-0.32403816304256555,-0.11900319411010116,0.40263981086348677,-0.28007644709500307
570714700000011139,114.87843516081034,138.110816484685,1.2022344863189793,0.08343825111594369,-0.01652483974358966,44.74040666442946,-0.33827367141082465,-0.33372137319597495,-0.08694000398891513,-0.11215924660290913,-0.3417160469689537
570714700000011153,133.9620957994735,154.3436143624928,1.1521439213188196,0.06924573652283393,-0.032722870879120895,47.44647190146991,-0.2731841922613047,-0.2717312529626336,-0.10446513556390563,-0.5146208243903656,-0.31382511870026086
570714700000011160,72.18479232001832,133.31616850225797,1.8468733401798079,0.13488611651596658,-0.029264923024094395,49.85853672021119,-0.4838907533805578,-0.3520312669767344,0.13859909169160015,-0.4287035213554326,-0.28896439992744705
570714700000011177,107.79206775781161,128.3675295283284,1.1908810378955337,0.13677463660295297,-0.013250686813186818,41.16299760013935,-0.36244345581732595,-0.3709292245127351,-0.09091222265824175,-0.030808572359737506,-0.378587759533064
570714700000011184,112.99093006752891,128.95951314902126,1.1413262380613094,0.11914844912441341,-0.008922275641025641,39.78370934848742,-0.34471146789756624,-0.368668546094932,-0.10824990665650229,0.07673654686401989,-0.39280383576142125
570714700000011207,148.32689264049444,153.63567335057337,1.0357910869402895,0.14696119949639463,-0.0029102564102563653,47.8177778715373,-0.22418954903355656,-0.2744347516926335,-0.14517337536116717,0.2261131423933616,-0.30999813476981686
570714700000011214,128.69805894471787,148.486773650027,1.1537607860411427,0.1772919766510244,-0.02329658882783878,44.65627345542063,-0.291138473863114,-0.2940974687367878,-0.10389944485952682,-0.28041233847710756,-0.34258319284014727
570714700000011221,108.57549364770516,130.4296696261938,1.2012809267015527,0.12303994506123384,-0.020321771978022023,43.53834164859573,-0.35977139074076986,-0.3630542843103789,-0.08727362485663634,-0.20649906636468812,-0.3541055151428956
570714700000011238,123.52569074052879,142.00653710670764,1.1496113582153424,0.055739956506810115,-0.005279876373626374,45.64689981041018,-0.3087800971740066,-0.31884432048007527,-0.10535120066639074,0.16723678999997726,-0.3323729849597534
570714700000011245,135.91730044637745,148.71521420448633,1.0941595640590136,0.039372782419594826,-0.00921852106227109,46.184888932857,-0.26651548993488283,-0.293225095560968,-0.12475205966360615,0.06937593626578357,-0.32682802772143066
570714700000011252,100.01284445461829,133.53272179003264,1.3351557244292185,0.2519171340276983,-0.012630608974358942,42.90287163796946,-0.3889763942603212,-0.35120428912318585,-0.04043499477240589,-0.015401915632285903,-0.3606551903837878
570714700000011269,105.42805322192973,137.05068205777025,1.2999451082462252,0.2245622067071077,0.00922115384615397,44.289005359703964,-0.37050650397962154,-0.3377698349018768,-0.05275409481532773,0.5275341281742801,-0.3463685591250399
570714700000011276,87.59011159436876,114.15164837594867,1.3032481212558196,0.20350234634313838,-0.00010874542124543296,35.440756070683236,-0.43134715460852613,-0.4252171044267503,-0.05159847324094817,0.29572040042319747,-0.43756587500848537
570714700000011689,86.69253187592994,114.90316109740203,1.325410143307912,0.16390065239784823,-0.018076808608058572,36.10120132872528,-0.4344085691596732,-0.4223472132157306,-0.043844670654981696,-0.15071997244946309,-0.43075878437914233
570714700000011696,94.25492983861737,120.10501600510408,1.2742571259747053,0.1761474190225478,-0.02899622252747261,37.977325045638494,-0.40861516642458884,-0.4024822698096593,-0.06174152127384291,-0.42202730096063035,-0.4114219142640493
570714700000011719,111.15771992674831,128.57211244057007,1.1566638153903988,0.1321964060890466,-0.01041655219780216,40.44393811929953,-0.3509640782061609,-0.3701479593591237,-0.10288376513398152,0.03960926295777355,-0.38599897642706643
570714700000011726,115.64160558544123,134.60248458933825,1.1639624329661167,0.09454046011216664,-0.023543040293040263,44.81423603584655,-0.3356706925388936,-0.34711905840391655,-0.10033020572953905,-0.2865357521625799,-0.3409551009007913
570714700000011733,118.1592600434932,134.54322054302122,1.138659978858172,0.07657090534508412,-0.01920295329670331,42.72196850601955,-0.3270836179489658,-0.34734537708196334,-0.10918274786817288,-0.17870053159376187,-0.3625197264665598
570714700000011771,161.0318947006982,169.88750154179314,1.0549928749056479,0.08137804738468582,-0.02091059981684971,58.95129889761734,-0.1808560407329096,-0.2123719581330198,-0.13845526666011937,-0.22112927537446955,-0.19524693362878573
570714700000011788,162.76254995994046,167.06302113892758,1.0264217486150564,0.05745679294952501,-0.014780334249084358,56.30728221756085,-0.17495321886113332,-0.22315813813035232,-0.14845141558530495,-0.0688146926936747,-0.22249833856732104
570714700000011795,162.86185269543324,177.4972005703726,1.0898635723020345,0.14696119949639463,-0.020311698717948592,58.86131768882147,-0.17461452266160793,-0.18331189336340367,-0.12625509363389364,-0.2062487828512972,-0.19617435378322393
570714700000011801,161.71241444431726,169.6865756588692,1.049310754786224,0.08687192400137347,-0.023667811355311336,60.368040598217206,-0.17853496216722867,-0.2131392577528514,-0.14044326385514974,-0.28963585477157433,-0.18064483143042476
570714700000011818,161.53024241730571,167.81554894852079,1.0389110202346956,0.07565525924230285,0.005393315018315183,67.60876689035534,-0.17915630429745763,-0.2202843704812528,-0.14408180768790405,0.43242639308734165,-0.10601596629333364
570714700000011825,113.81763351264735,138.67564688218462,1.2184021280566781,0.1318530388005036,0.016901327838827838,44.57793181720228,-0.34189179416343707,-0.3315643880282907,-0.08128344873325818,0.7183582423466192,-0.3433906460316267
570714700000011832,121.49344660638663,149.9683123752752,1.234373676640693,0.16836442714890695,0.0047956730769231305,49.408038228566134,-0.31571156146173285,-0.28843974020472474,-0.0756955003763107,0.4175771860033403,-0.29360760695129856
570714700000011849,81.0615006295067,112.28109981866511,1.3851347303801869,0.22719468925260386,0.02160817307692307,36.73761585210797,-0.4536145746448994,-0.4323603911750462,-0.022948894240795572,0.8353060581073806,-0.42419937421494625
570714700000011856,100.98744523291748,122.11175620946383,1.2091775955696793,0.09682957536911983,0.009804601648351601,40.380589572843334,-0.38565228059893647,-0.39481889178439544,-0.0845108258960415,0.5420306630348659,-0.3866518985151784
570714700000011863,106.2809204532448,126.75706407640247,1.1926605785482027,0.09431154858647132,0.01081753663003656,41.99889810134283,-0.36759759227127126,-0.37707930090424946,-0.09028961670278947,0.5671983767843967,-0.3699722832320091
570714700000011870,118.50895913929266,159.44003047494382,1.3453837721040292,0.2727480828659723,-0.0012146291208792108,53.65998089167648,-0.3258908838904629,-0.25226896125247256,-0.036856518840745686,0.2682432524365052,-0.24978359776033593
570714700000011887,152.6016824997139,173.34938667601602,1.1359598651629614,0.10014879249170196,-0.019826007326007356,57.54549375820706,-0.20960933558925926,-0.1991516447083155,-0.11012743371421688,-0.19418113572289541,-0.20973631465565776
570714700000011894,139.62051047270228,163.3072315469152,1.1696507267737286,0.1025523635115028,-0.017364926739926616,53.77363633945343,-0.253884788920088,-0.23750081954193294,-0.09834004855292734,-0.13303232279319066,-0.24861217147766437
570714700000011900,124.43833123497768,164.65796124840267,1.3232093328017878,0.26622410438365574,-0.011652930402930391,53.248321072593384,-0.30566731417292514,-0.23234262702156497,-0.044614665836535845,0.008889805820391537,-0.2540265015632416
570714700000012204,113.47754377932928,128.89262832917103,1.1358425996584685,0.09545610621494792,-0.023843864468864433,41.559860075201115,-0.3430517531474553,-0.3689239671292794,-0.11016846126891586,-0.294010127994173,-0.37449736929672617
570714700000012211,127.40486436992103,148.75261343906672,1.1675583516745667,0.089046583495479,0.010782967032966956,52.65618188818059,-0.2955492293730908,-0.2930822746458229,-0.09907210555641553,0.5663394492725468,-0.26012957376249196
570714700000012228,133.51619549044295,158.12431246804232,1.1843081049995976,0.10964862080805769,-0.05217490842490856,53.34678007457203,-0.2747050440211923,-0.25729345044127105,-0.09321188755190978,-0.997932509394223,-0.2530117023174567
570714700000012235,138.75541948037082,158.47982180734513,1.142152302236848,0.089046583495479,-0.010828754578754617,53.06372116956878,-0.2568353927467834,-0.25593582454995223,-0.10796089248056606,0.029367547824755265,-0.2559291396013762
570714700000012242,144.3537942085384,170.52598333748003,1.181305862256259,0.11193773606501087,-0.0069368131868132515,53.24254748931148,-0.23774077028205537,-0.20993371159170482,-0.09426227895989049,0.12606799617870026,-0.2540860088489363
570714700000012259,175.32708023348974,187.28925105688475,1.0682277421574837,0.06169165617488841,-0.02898351648351663,60.77395073331964,-0.1320988238502091,-0.14591782294134206,-0.13382479802864722,-0.42171160243806466,-0.17646118858740928
570714700000012266,177.04820876731145,190.17184934728166,1.0741246729991953,0.0774865514478654,-0.030265567765567724,58.95439361373631,-0.1262284951990662,-0.13490970123914164,-0.13176164523950845,-0.45356586777818314,-0.195215036945696
570714700000012273,88.23595055511045,120.62646248706821,1.3670897375523516,0.2632482545496166,0.0008470695970694448,36.494480177509566,-0.4291443633115578,-0.40049095997166756,-0.02926227628343302,0.3194688928865894,-0.42670532993506805
570714700000012280,132.027492274236,166.41590772078118,1.2604640507381337,0.21117088245393156,-0.011584249084249043,58.26494487837354,-0.27978262943763016,-0.22562934727725764,-0.06656728952668432,0.01059628432075601,-0.20232106120547122
570714700000012297,126.5109763076571,164.6776350314537,1.3016865400752309,0.2544351608103468,-0.012625915750915854,58.689826495737485,-0.29859805263045136,-0.23226749640107935,-0.052144821952621885,-0.015285306268097727,-0.197941882702907
570714700000012303,137.57179810003433,172.09146340775263,1.2509210883659279,0.22582122009843195,-0.016506410256410343,58.110729742886456,-0.2608724221519413,-0.20395542623944465,-0.06990607540756943,-0.11170134153864905,-0.20391052890305014
570714700000012327,133.36391209797412,154.83637956929826,1.1610065806674121,0.11205219182785853,-0.0022206959706961406,49.24449509640995,-0.2752244436734182,-0.26984947172894747,-0.10136436656303874,0.24324618653700827,-0.29529321663482344
570714700000012372,106.97544923886916,129.44639060528144,1.210056994630947,0.12601579489527298,-0.0013278388278388825,41.84531750360296,-0.3652287324509991,-0.3668092491160832,-0.08420315150156042,0.26543040704173987,-0.37155521086301857
570714700000012389,116.12100263248254,131.51061573434336,1.1325308320887326,0.07679981687077944,-0.0058493589743589544,42.84677433721813,-0.33403559198410177,-0.3589263465565576,-0.1113271457917441,0.15308723910112837,-0.3612333751850655
570714700000012396,119.30549387661668,136.43662281070172,1.143590444810544,0.08298042806455305,0.004590201465201416,44.23053866043985,-0.3231741078924722,-0.3401148161455731,-0.10745773110022352,0.4124719711564162,-0.34697116489113966
570714700000012402,112.68072564953646,128.58738949435661,1.1411657916926594,0.07370951127389264,0.004155219780219782,42.44989957083072,-0.3457694957245808,-0.370089619052778,-0.10830604185324665,0.4016642739874471,-0.3653238921058886
570714700000012419,107.22880851550876,124.59686102341564,1.1619718874839022,0.09557056197779558,-6.868131868117488e-05,41.725134024743454,-0.3643645888432072,-0.3853287258026003,-0.10102663571553941,0.2967158462150802,-0.37279392038933384
570714700000012426,106.50646984090649,129.71535579591844,1.2179105737865512,0.1557742932356644,-0.018303571428571374,44.51393821099147,-0.3668283010727237,-0.3657821196814855,-0.08145542829188754,-0.1563541956314969,-0.3440502166347481
570714700000012433,160.73043378734118,172.23046442249859,1.0715485571971568,0.06260730227766968,-0.028445512820512893,56.637061619223914,-0.1818842467048075,-0.20342460649527483,-0.13266294807733817,-0.4083441875185468,-0.21909936151740467
570714700000012440,158.40470413185304,172.0417009823696,1.086089595162309,0.06478196177177521,-0.024885531135531106,58.62025237525593,-0.18981671494476463,-0.20414545994502128,-0.12757549091698445,-0.3198917185830233,-0.1986589706641088
570714700000012457,160.12693144099808,170.35467156688205,1.0638727041968739,0.05905917362939224,-0.023901098901098924,56.53546231418368,-0.18394263865238814,-0.2105879202707443,-0.13534849043007097,-0.29543219341114424,-0.22014652730270748
570714700000012495,152.56406787226737,159.38179747771306,1.0446876495922601,0.07622753805654114,-0.02810061813186821,51.407694926050794,-0.20973762945044525,-0.25249134254047084,-0.14206074464836857,-0.39977482131588704,-0.2729975045974646
570714700000012501,57.217019571935445,102.50221475539307,1.79146372044988,0.6197779558200756,-0.005325091575091612,28.65658288714481,-0.5349419930063186,-0.4697041852260398,0.11921298821514548,0.16611335832057023,-0.5074891292724515
570714700000012518,93.50287283964748,118.62397493250668,1.2686666337615164,0.14833466865056655,-0.01652930402930404,54.41956966975771,-0.41118024024771727,-0.40813809789622374,-0.06369746071283271,-0.11227016770543508,-0.24195465268052785
570714700000012525,104.77065354240585,131.3313394110067,1.2535126485380796,0.1231544008240815,-0.00252976190476207,40.68392927450129,-0.37274872592767794,-0.3596109704225286,-0.0689993690647418,0.2355670332853715,-0.3835254307034705
570714700000012532,192.94514135286713,192.43431106396375,0.9973524583966116,0.062836213803365,-0.00608974358974364,59.35183081382693,-0.07200812932374147,-0.12626976899232956,-0.15862185658289013,0.1471145643498535,-0.19111872312173186
570714700000012549,192.65983747281675,194.08417817078276,1.0073930338395878,0.05516767769257182,-0.038232600732600645,62.261020256853406,-0.07298122779281574,-0.11996922480453007,-0.1551089713573748,-0.6515173738203768,-0.16113423015206854
570714700000012556,182.15820075540802,184.5741045374729,1.0132626682303962,0.05745679294952501,-0.011011904761904832,61.34867302407677,-0.10879962118683556,-0.15628647660514347,-0.15305536874786782,0.024816938490451138,-0.1705376291822203
570714700000012563,74.90903055968867,108.15015225326712,1.443753195645636,0.22662241043836556,-0.01013049450549457,36.30194406536867,-0.4745990744172407,-0.44813573305906856,-0.0024401154618432764,0.04671674591178603,-0.42868976505486867
570714700000012570,118.79753920109879,159.9192892803001,1.346149847511496,0.26530845828087446,-0.019333791208791147,53.87258535928967,-0.32490661120444364,-0.2504387585239868,-0.03658849286994307,-0.18195137313695295,-0.24759232170585016
570714700000012624,23.59855785738812,35.3046557251123,1.4960514086694197,0.40048071420396014,-0.0015338827838827813,10.700403404632121,-0.649605956290946,-0.7263195139592964,0.01585740352952303,0.26031097154065,-0.6925602454715054
570714700000012631,110.3679180496738,154.2654062787229,1.3977377575364966,0.2798443401625272,-0.021050824175824122,50.5468994266039,-0.35365789014211313,-0.2720299154946634,-0.01853948681732564,-0.22461333564604682,-0.2818695691731672
570714700000012648,105.98758154973103,152.40701333340763,1.4379704782856648,0.31326542291404375,-0.016117216117216126,49.670938030163406,-0.368598096147625,-0.27912678215856623,-0.004463308504168774,-0.10203129670325255,-0.2908979459247143
570714700000012655,177.81206363740415,240.8075006191709,1.3542810071099989,0.29403685475563696,-0.012007783882783802,70.0678000792315,-0.12362318185895009,0.05845869612932609,-0.03374365289218364,7.300023518055436e-05,-0.08067115296714455
570714700000012693,117.94444317271375,166.27919333617436,1.4098094735390025,0.3496623554995994,-0.005551739926739972,51.332924458443635,-0.3278163032810051,-0.2261514347943449,-0.014315968650198565,0.16048197926936966,-0.2737681503749953
570714700000012709,126.63059402540918,168.90534655075734,1.333843119434988,0.2935790317042463,-0.006913919413919457,53.2780058088232,-0.29819006722906755,-0.21612263047184815,-0.04089423445616281,0.12663682234548873,-0.25372054631961766
570714700000012716,118.37523177291978,162.84090155529157,1.3756332225618841,0.28922971271603526,-0.04276556776556773,50.531874702378765,-0.32634699368983827,-0.2392816494682812,-0.02627317646192894,-0.7641449548443854,-0.282024426306648
570714700000012778,172.2492960970585,186.02221972515977,1.079959244770095,0.1439853496623555,-0.016266025641025587,64.45652947661064,-0.1425963573249501,-0.15075638652010875,-0.12972030995074868,-0.10572866678737243,-0.13850551103498127
570714700000012785,196.8046469039716,195.98081629626677,0.9958139677052097,0.06317958109190798,-0.017296245421245488,60.7380673184793,-0.058844344300908014,-0.1127263067122258,-0.15916012665018983,-0.13132584429283164,-0.17683103249791385
570714700000012792,128.89098088588761,165.17824376984908,1.2815345389922048,0.25683873183014766,-0.020547161172161106,57.53684405481054,-0.29048046652872384,-0.2303557621383484,-0.05919538068515478,-0.2120991599767124,-0.20982546559469487
570714700000012808,143.49027126015795,176.02657221187695,1.2267491772506889,0.2205562550074396,-0.018051739926739998,58.29571640377416,-0.24068602591240695,-0.1889279571774144,-0.0783630756971886,-0.15009710779683297,-0.2020039046210995
570714700000012815,150.48696348861162,161.65504668638795,1.0742129613016047,0.09202243332951814,-0.01862408424908436,52.7675388713712,-0.2168221005606383,-0.24381021481209833,-0.13173075590703134,-0.16431776196653186,-0.2589818373414055
570714700000012839,141.68125214604555,166.73711885114776,1.176846733957959,0.12384113540116745,0.0023351648351648845,53.728465253707974,-0.24685612682431202,-0.22440270004480897,-0.09582238933471308,0.35644259372780895,-0.24907774174370992
570714700000012846,133.6730227766968,155.30665284667404,1.1618399107059665,0.10461256724276068,0.03936584249084241,53.46436894475924,-0.27417014631094827,-0.2680535831072511,-0.10107281028750041,1.2765189185072594,-0.2517997349566199
570714700000012853,138.86157720041206,167.55411561290185,1.2066269085441776,0.24619434588531533,-0.022069597069597116,51.38325353223843,-0.25647331595051165,-0.22128273712328292,-0.08540323199544156,-0.24992610006811156,-0.273249417652729
570714700000012860,139.87524321849605,170.0905793267872,1.216016325784631,0.2696577772690855,-0.01755952380952373,52.361057340908744,-0.253015960760754,-0.21159644078824258,-0.08211816678304266,-0.13786734521088903,-0.2631713694537488
570714700000012877,155.59286940597457,183.75025814369874,1.1809683749983144,0.2338331234977681,-0.004601648351648513,54.58352319684807,-0.19940716308924514,-0.15943259703295237,-0.09438035526029447,0.18408826519106528,-0.24026481313014159
570714700000012884,139.4690626073023,168.31034992778655,1.206793440647777,0.28922971271603526,-0.01026785714285717,50.46780604439369,-0.2544013388034589,-0.21839481500060498,-0.08534496758921999,0.04330378891105945,-0.28268477045492413
570714700000012891,116.78816527412155,136.2529608746273,1.1666675348038782,0.09682957536911983,-0.012854853479853462,42.89901685334286,-0.33176007107254657,-0.3408161878736784,-0.09938377468747818,-0.02097356793597389,-0.3606949209564437
570714700000012907,125.0472015565984,151.4171795218718,1.210880192735364,0.08286597230170539,-0.010622710622710533,46.310872142067815,-0.30359061343640076,-0.28290677852456675,-0.08391514007481476,0.03448698332584968,-0.3255295414162736
570714700000012914,117.20843538972187,147.13124443612037,1.255295695628938,0.09351035824653771,-0.015705128205128094,46.95368742763105,-0.330326637338606,-0.29927398972734104,-0.0683755363155684,-0.09179242570106708,-0.3189041597461437
570714700000012921,115.41829003090305,141.70318370819058,1.2277359478315768,0.09511273892640494,-0.01521291208791206,50.796125255285524,-0.33643236470473725,-0.3200027722632379,-0.07801783534575045,-0.07956266311512895,-0.27930084332897176
570714700000013034,387.85768570447516,472.09604818491516,1.2171888442211372,0.0842394414558773,0.02511446886446825,161.51671164557467,0.5927886427300817,0.9417078427103123,-0.08170793903109365,0.9224246296817687,0.8618763502617205
570714700000013041,351.71044981114795,442.42775451914935,1.257931786663468,0.10289573080004578,0.032280219780219575,154.14856285263846,0.46949967833586276,0.8284099931773471,-0.06745325000828392,1.1004672198863963,0.7859341642996431
570714700000013058,306.44496966922287,422.8662423991597,1.379909230866482,0.17855099004234865,0.1266826923076925,147.876296029263,0.31511071797457463,0.7537081150789374,-0.02477713408042275,3.4460219186363767,0.7212870369287624
570714700000013096,136.5369577658235,174.91613264967646,1.2810900104400864,0.2571820991186906,-0.016197344322344386,56.12346665875945,-0.2644019975113057,-0.19316852509989038,-0.05935090740689749,-0.10402218828701162,-0.2243928925104501
570714700000013102,135.77750944260043,158.9437856165006,1.1706193924826236,0.11537140895044065,0.0016369047619046787,49.92173740632402,-0.26699228124855773,-0.2541640306466482,-0.0980011425333903,0.33909339564077423,-0.2883130018093319
570714700000013119,130.47052764106672,172.34381159677218,1.3209405580921825,0.27435046354583953,1.1446886446954118e-05,54.11064871651334,-0.2850930370657083,-0.2029917541296986,-0.045408439580148376,0.298706737798836,-0.24513864544969635
570714700000013126,138.27025031475335,163.08513211139078,1.1794665283396084,0.06661325397733776,-0.0034617673992674144,51.13006411726612,-0.25849018051980993,-0.23834897713100384,-0.09490580471967267,0.21241012003543924,-0.27585899546878634
570714700000013133,144.83870401739728,164.6138835837241,1.1365324255038316,0.06317958109190798,-0.012518429487179506,50.08969543568089,-0.23608686710851162,-0.23251095165380634,-0.10992711264959444,-0.012614667415026384,-0.2865818885734711
570714700000013188,115.82361222387547,160.71901451791473,1.3876187370780746,0.27744076914272636,-0.013118131868131877,51.1857512020723,-0.3350499145067461,-0.24738475243048738,-0.022079817515198618,-0.02751506885403559,-0.2752850386895624
570714700000013201,126.36947464804854,144.95318970511755,1.1470585765179961,0.08973331807256496,0.0011332417582416905,48.08508333880852,-0.29908067855307197,-0.3075915869564822,-0.10624433962635414,0.32657921997144046,-0.30724306533858436
570714700000013218,134.4482431040403,150.23439928010032,1.1174143730821695,0.07393842279958796,-0.01340430402930401,47.00146032923075,-0.27152606830682147,-0.2874236024232535,-0.1166159248869115,-0.03462539593888382,-0.31841177303149015
570714700000013232,112.82390980885887,137.20993046339703,1.2161423114644037,0.16618976765480142,-0.021233974358974336,43.35904143406569,-0.3452811312263212,-0.33716169403262664,-0.08207408831008928,-0.22916394498035092,-0.3559535302437762
570714700000013249,119.48560146503375,135.19932136754434,1.131511409825468,0.08126359162183816,-0.023752289377289397,51.34229107715139,-0.32255980703359016,-0.344839846655013,-0.11168380995183355,-0.2917348233270227,-0.2736716103186352
570714700000013270,148.03575598031364,162.81768639480458,1.0998537840848173,0.18461714547327457,-0.01173305860805866,50.79447795884697,-0.22518254162189189,-0.2393703039689198,-0.12275982908747197,0.006898914236632243,-0.27931782171743635
570714700000013287,158.3179695547671,165.60475048608953,1.0460262404312968,0.15565983747281675,-0.01245421245421241,51.964372371760966,-0.1901125443746456,-0.2287270101007087,-0.14159241332531164,-0.01101911001718471,-0.2672599301685191
570714700000013294,107.28333524092939,156.6483010995137,1.460136383229734,0.36225248941284194,-0.022103937728937626,50.59750482175684,-0.36417861214698743,-0.26293007099735877,0.003291852584996561,-0.2507793393182897,-0.281347988456302
570714700000013300,104.79567357216436,151.72295524542233,1.4477978915889396,0.3112052191827859,-0.025560897435897338,49.365288647099014,-0.3726633890137534,-0.2817390763200534,-0.0010250020849628262,-0.33667209050326513,-0.294048219207757
570714700000013317,109.30539086643012,150.5892533449704,1.3776928306215808,0.2750371981229255,-0.023832417582417546,50.86834926406278,-0.35728189825297957,-0.2860684789065208,-0.02555258362695135,-0.29372571491077903,-0.27855644344514374
570714700000013324,71.85554538170997,103.40822350468972,1.4391126384938848,0.2791576055854412,0.00022893772893772243,32.54214692969109,-0.48501373036761686,-0.4662443016173034,-0.004063702152579203,0.30411058638331934,-0.4674413187057729
570714700000013331,66.82235321048415,98.16502936602454,1.4690447829158888,0.24665216893670597,0.0012133699633698229,31.246745263158694,-0.5021806598727875,-0.4862671120723609,0.00640862470808937,0.3285701115551964,-0.48079279097105887
570714700000013348,70.46383197894014,102.27096457863978,1.4513965775975113,0.24527869978253405,0.0027701465201465515,32.88217186320022,-0.48976050836932633,-0.4705872878414254,0.00023406628044881633,0.3672502908967789,-0.4639367427996716
570714700000013355,139.8129220556255,171.4670187463295,1.2264032267211338,0.10117889435733089,-0.015224358974358991,53.84075677829113,-0.25322852228697496,-0.20634006750289613,-0.07848411303323925,-0.07984707619852403,-0.2479203731723756
570714700000013362,145.2281904543894,175.51601669406278,1.208553354172554,0.09499828316355728,-0.003468406593406601,55.85078776507169,-0.23475842861866247,-0.19087767639238504,-0.08472922855568694,0.21224516044707095,-0.2272033448824518
570714700000013379,152.43312922055625,179.50311074359206,1.1775859464504472,0.07668536110793178,0.0035141941391941705,57.93156546060185,-0.2101842276582938,-0.17565168507699644,-0.0955637618627991,0.3857371413173862,-0.2057571429746964
570714700000013386,107.97710884743047,131.45952606015584,1.2174758841330486,0.11914844912441341,-0.019093406593406647,44.646243881826784,-0.36181232804930485,-0.3591214487853543,-0.08160751268885721,-0.1759786983856827,-0.3426865658534222
570714700000013393,108.5852695433215,151.23709543464236,1.3927956901585472,0.2993018198466293,-0.016082875457875543,50.312456918368426,-0.35973804766441064,-0.2835944870948019,-0.02026856256344182,-0.10117805745307257,-0.284285925989265
570714700000013409,106.60061806111939,135.97836131347177,1.2755869880182933,0.16687650223188738,-0.020970695970695917,44.53068917029593,-0.3665071856047564,-0.34186483395060185,-0.06127624388496956,-0.22262244406228912,-0.3438775675064132
570714700000013430,103.17059631452443,134.1072669439777,1.2998593759712327,0.20212887718896647,-0.013255494505494477,46.20480841994148,-0.3782061113603882,-0.34901020505704783,-0.05278408987326853,-0.030928025854762165,-0.32662272114647534
570714700000013485,126.8209682957537,142.67626478753735,1.1250210963127816,0.062836213803365,0.012992216117216085,47.43152723908066,-0.2975407493474086,-0.3162867515526023,-0.11395456889161402,0.6212311743675817,-0.3139791506507819
570714700000013515,177.7220899622296,208.0569630722722,1.1706871279562914,0.08572736637289688,0.010084706959706924,68.98340907157676,-0.12393005902288448,-0.0666096855212798,-0.09797744399678329,0.5489902511855163,-0.09184777627826314
570714700000013621,135.45514478654,161.03022798105692,1.1888085036180795,0.1383770172828202,-0.005757783882783852,54.46487976385605,-0.26809178453340854,-0.24619628448160755,-0.09163733797498745,0.1553625437682803,-0.24148764968036127
570714700000013638,341.6100263248254,380.8136999003414,1.114761484015222,0.12052191827858533,0.03476419413919412,124.4282158748345,0.43504972052313745,0.593117058303487,-0.11754408830355415,1.1621848589828898,0.4796118870935085
570714700000013669,154.77146617832207,182.44074827715286,1.178775085498972,0.23394757926061577,-0.0042124542124542304,54.37826467047843,-0.20220875913897352,-0.16443337845615386,-0.09514771907537417,0.1937583100264634,-0.24238037588788733
570714700000013676,139.16045553393613,175.97908828383055,1.2645768340483459,0.2906031818702072,-0.012946428571428548,54.63118196614111,-0.25545391849703014,-0.1891092897136109,-0.0651283544966909,-0.023248872603125414,-0.2397736027566695
570714700000013812,129.34100949982835,160.92242963733145,1.2441717461432449,0.12807599862653085,-0.018063186813186735,58.209281907989094,-0.2889455341780386,-0.24660794686653953,-0.07226746044079438,-0.15038152088022322,-0.20289476944168244
570714700000013829,139.65647247338904,164.55373915427202,1.1782750648068034,0.0904200526496509,-0.014880952380952342,56.16572989052842,-0.25376213174554496,-0.2327406323558741,-0.09532266077188815,-0.0713146836967039,-0.22395729297296052
570714700000013836,138.5664072336042,160.98809953719098,1.1618118904229568,0.10838960741673344,-0.004521520146520218,53.04932615323175,-0.25748006511482974,-0.24635716539198121,-0.10108261371348513,0.1860791567748252,-0.25607750644877775
570714700000013843,143.35387432757238,159.6905960705554,1.1139607968017147,0.08698637976422113,6.868131868126272e-05,51.734801290457405,-0.24115124091846296,-0.2513120965446618,-0.1178242238693455,0.3001288032158027,-0.26962607806235434
570714700000013881,131.9110449811148,167.609158721928,1.270622628650421,0.2344054023120064,-0.007829670329670269,54.51588699869778,-0.2801798013325377,-0.22107253744161176,-0.0630131189053895,0.10388377567397468,-0.24096192727401194
570714700000013898,120.73498912670252,165.20003144907858,1.3682862991416123,0.2918621952615314,-0.013266941391941416,52.56506854102401,-0.31829846568542663,-0.23027255893054596,-0.028843636579742208,-0.031212438938157415,-0.26106866266363166
570714700000013904,110.3322307428179,153.97646700985467,1.3955710491231756,0.28659723017053906,-0.006009615384615456,51.81723512758411,-0.35377961040634764,-0.27313332232274706,-0.019297550736707834,0.1491054559336107,-0.26877644731186706
570714700000013911,115.03018198466292,156.87064890825735,1.3637346842515912,0.2904887261073595,-0.0049336080586080055,51.86951913362032,-0.33775610185673466,-0.26208096491586913,-0.030436105137963725,0.17584028577264582,-0.2682375654541811
570714700000013928,101.0594254320705,151.41848390964637,1.4983113476280934,0.3463431383770173,-0.021611721611721722,49.02354237397182,-0.3854067745736167,-0.2829017973034867,0.016648085918553327,-0.23854957673235486,-0.29757053665207256
570714700000013935,126.50388005036055,150.72203400202383,1.1914419853527194,0.10472702300560834,0.0018658424908425183,54.180764079969094,-0.298622256146752,-0.2855614135837487,-0.09071596458062166,0.3447816573086562,-0.24441597899439071
570714700000013942,122.28824539315556,148.0406697021189,1.2105878960497758,0.10163671740872153,0.011481227106227015,56.11844157361942,-0.31300070634651195,-0.2958010590590205,-0.08401740559874829,0.5836886473595778,-0.22444468516025992
570714700000013959,204.29747052764105,212.38080879275245,1.0395665117352382,0.08469726450726794,-0.04386446886446894,67.34367677446622,-0.03328824181835892,-0.05009770045865381,-0.14385247158851566,-0.791448610850208,-0.10874820249584632
570714700000013966,174.19004234863223,192.0808259175665,1.1027084173567556,0.06684216550303308,-0.05813873626373636,62.91754985014507,-0.13597696888223224,-0.12761966485691265,-0.12176108164493653,-1.1461117258424742,-0.15436749757588042
570714700000013973,200.68584182213576,199.80374750779472,0.9956046011700077,0.06386631566899394,-0.04171245421245414,61.737906314746475,-0.04560658240163929,-0.09812722359480479,-0.15923337749247526,-0.7379789511721404,-0.16652587157887108
570714700000014178,102.17819617717753,148.98079223721638,1.4580487600200234,0.31669909579947353,-0.014056776556776545,50.90779558445064,-0.38159093407710293,-0.2922109010700246,0.0025614581199098338,-0.05083694169233962,-0.2781498773072169
570714700000014215,165.1109877532334,187.73837018395764,1.1370434683883184,0.1648162985006295,-0.008184523809524025,57.81339266529723,-0.1669432989786347,-0.14420271819501834,-0.1097483146306249,0.09506697008875512,-0.2069751287468195
570714700000014222,161.50432642783565,188.79158696836694,1.1689568393867389,0.17843653427950099,-0.004498626373626375,59.39589557669004,-0.17924469710050472,-0.1401806737151469,-0.09858281817940656,0.18664798294161486,-0.19066455552688996
570714700000014239,163.28336957765825,185.15678984630952,1.1339598780036702,0.15817786425546526,-0.0049908424908425356,57.70910160304424,-0.1731768365260051,-0.15406130675920054,-0.11082716704952182,0.17441822035567361,-0.2080500379901551
570714700000014284,121.51109076341996,152.351957910402,1.2538111291176597,0.18095456106214947,0.005952380952380991,48.60158466664916,-0.31565138176072705,-0.2793370288650987,-0.06889493998853348,0.4463171280802994,-0.30191957893910537
570714700000014291,125.29004234863227,147.24241920388744,1.1752124625688165,0.10404028842852238,-0.00040064102564108423,50.282610413254424,-0.3027623456858352,-0.29884943338944586,-0.09639417009070719,0.2884678667966503,-0.28459354855571734
570714700000014307,133.4695089847774,151.7909868692265,1.1372708869899169,0.09133569875243218,0.0007097069597069259,49.81493287147042,-0.2748642797356928,-0.2814792758487462,-0.10966874793147506,0.3160559358858649,-0.2894138169632307
570714700000014314,126.89188508641409,166.14736704184435,1.3093616422255612,0.2457365228339247,-0.00326236263736267,56.322983437590764,-0.29729887033612035,-0.22665485557842338,-0.04945954229894654,0.21736459594816157,-0.22233650891310902
570714700000014321,126.64677807027583,167.85668842597957,1.3253924891230673,0.27492274236007785,-0.007119963369963356,55.8436948336832,-0.2981348675967303,-0.22012726625478463,-0.043850847305459704,0.1215173868443989,-0.22727645045206754
570714700000014338,59.44488382740071,129.3390560917474,2.17578112301953,0.6440425775437794,-0.026520917987752544,48.44040164612798,-0.5273433185826979,-0.36721914021737373,0.25367370045846377,-0.36052507502806364,-0.30358086337598916
570714700000105814,187.1389836328259,217.2581726181736,1.160945562494038,0.21117088245393156,0.0005265567765567271,61.847253352836645,-0.09181144636092399,-0.031471929828382234,-0.10138571492508747,0.3115053265515612,-0.16539885130085943
570714700000105821,213.2521460455534,224.41510956563906,1.0523463126964316,0.11880508183587044,0.0037431318681317564,67.59839468259122,-0.0027461369020192693,-0.004140881587933017,-0.13938121650591895,0.3914254029852618,-0.10612287077544932
570714700000105838,210.89629163328374,222.17553604900795,1.0534824217551302,0.13116630422341766,-0.02289377289377295,70.91590032064721,-0.01078135297246558,-0.012693407936897735,-0.1389837272634405,-0.2704038420724768,-0.0719299361353373
570714700000105883,102.64525580862997,124.90456663117658,1.2168566939328056,0.1129678379306398,-0.01660943223443221,41.81233413275605,-0.37999791328729626,-0.3841536537192073,-0.08182414809173537,-0.1142610592891919,-0.37189516454105964
570714700000106682,155.41233569875246,194.9810185347176,1.25460451809092,0.12590133913242532,-0.005808264652014501,64.39129248345947,-0.2000229173302429,-0.11654435360186205,-0.06861735785013098,0.15410828207051594,-0.1391778970039295
570714700000106699,147.572663614513,192.70041672439154,1.3058002207492883,0.14753347831063293,-0.007029647435897468,65.63246553736738,-0.2267620310845694,-0.12525355958660267,-0.050705572962914516,0.12376140607237608,-0.12638534930709713
570714700000106958,34.41865194002518,48.38517268423472,1.4057834911299354,0.21735149364770517,0.005558150183150196,15.523517854990668,-0.6127013863804541,-0.6763673846274327,-0.015724534743179832,0.43652194148821083,-0.6428492712771923
570715000000083464,3.7950389721872497,8.680064009524074,2.287213404957833,0.3290030903055969,-0.0022658959537572264,3.5072974501414533,-0.717150687565087,-0.827994016040624,0.2926603919175035,0.2421231329790467,-0.7666982963431914
570715000000084607,696.8000686734579,710.3645436911976,1.0194668106786546,0.06626988668879479,-0.0016712454212452546,228.20258305268493,1.6465119914843729,1.851612148513601,-0.15088473216759835,0.25689801453992667,1.549195647111022
570715000000084652,701.1216779214833,706.9164499652552,1.0082650019622141,0.08755865857845943,-0.08760302197802268,252.04497356461604,1.6612518938735314,1.838444501983657,-0.15480389681732568,-1.8781910024985367,1.7949348829654053
570715000000088513,20.708913814810575,35.17428745366027,1.6985095291914523,0.4319560489870665,0.010589056776556773,10.931374584552907,-0.65946179208787,-0.7268173668176119,0.08669120627386405,0.561521491639855,-0.6901796670127424
570715000000088643,1363.1451871351724,1245.5610525298332,0.9137405643103523,0.10335355385143642,-0.001110347985348381,449.9852176366434,3.919244540847944,3.895430853157759,-0.18787505915888805,0.2708342556262166,3.8350694197581436
570715000000088667,1411.2127961542865,1250.0133252176204,0.8857723857266935,0.08023348975620923,0.010485347985346777,487.3493204234297,4.083190845189482,3.912433277589154,-0.1976602554246896,0.5589447091042757,4.220174514929484
570715000000088810,793.921586356873,723.430488879215,0.9112115117046687,0.05528213345541948,-0.031982600732600536,237.64989515890736,1.9777686156677308,1.901508630886166,-0.18875989604732274,-0.4962278302872731,1.646567395833081
570715000000088827,709.2786425546527,700.859053891731,0.9881293638948491,0.05470985464118119,-0.05089285714285756,231.02038719250095,1.6890732112542437,1.815312401545686,-0.16184873063934058,-0.9660782440541067,1.5782382481773536
570715000000088858,801.7207279386519,733.0255535898314,0.9143153320665085,0.07416733432528327,-0.028743131868131388,253.73743366406734,2.004369490257948,1.938150448244772,-0.18767396578827691,-0.4157389276867759,1.8123787651694598
570715000000088865,756.5337072221587,720.2226746061613,0.9520034173370486,0.0687879134714433,-0.0425366300366298,236.33367384133777,1.8502481349034996,1.889258568144691,-0.1744880763263878,-0.7584566931765013,1.6330013391646887
570715000000088872,782.7391782076228,724.9966195291357,0.9262301411682108,0.06306512532906032,-0.035989010989011666,242.54158438087381,1.9396282852639601,1.9074894006844787,-0.1835053444681229,-0.5957724094751801,1.696985157879283
570715000000089336,664.5167334325282,694.339819044077,1.0448793598582524,0.11273892640494448,-0.028342490842490832,235.77094915905374,1.5364018026779211,1.790416622328971,-0.14199367118581568,-0.4057844697679991,1.6272014369547287
570715000000091681,191.54251413528672,262.46704634722994,1.3702808879382733,0.3050818358704361,-0.06482721913809865,104.82892671051908,-0.07679213155276267,0.141172585256076,-0.028145791963707728,-1.3122959582406635,0.27760553457957715
570715000000107078,137.6632841936592,165.34707199487065,1.201097830575268,0.14444317271374613,0.012300709706959824,55.87627059920995,-0.26056038651600033,-0.22971103767084447,-0.08733768449948527,0.6040497799997564,-0.2269406978888374
570715000000125539,665.5713746137118,699.8691346121338,1.0515313027371829,0.1405516767769257,0.24845467032967017,236.04940598348483,1.5399989136553505,1.8115320787926117,-0.13966636315520742,6.471608299781292,1.630071441420929
570715000000125546,703.0029300675288,691.9384983208022,0.9842611868692157,0.06054709854641181,-0.0006753663003665971,255.29351211182365,1.6676683631586193,1.7812464126414513,-0.16320208553420676,0.2816419527951895,1.828416986189695
570715000000125591,639.300206020373,605.248958484649,0.9467366861217016,0.06752890008011904,0.0012019230769228036,223.5685026340902,1.4503946855794612,1.4501947333272567,-0.1763307418566882,0.3282856984717991,1.501433012723192
570715000000125614,655.5774751058715,611.5464471092663,0.9328362708168177,0.05367975277555225,-0.0004922161172162551,236.79340427409332,1.5059122818526411,1.4742437038095308,-0.18119406506265173,0.28619256212949673,1.6377396981470995
570715000000125621,605.7740757697151,609.9218869398669,1.0068471255804097,0.13013620235778872,-0.2062385531135534,217.4400549438616,1.3360456412722492,1.468039802240286,-0.15529996768712154,-4.825848198793506,1.4382682033213534
570715000000125638,554.4738239670368,582.0195056360925,1.049678957740471,0.07989012246766625,0.1781593406593413,219.6471545053336,1.1610736202696026,1.3614856527438408,-0.1403144410874397,4.725027554659016,1.4610163820083546
570715000000125652,520.964026553737,552.3345545037438,1.0602163035277656,0.07279386517111136,-0.02656822344322303,224.58519187149952,1.046780283087811,1.248124191357637,-0.13662775136108263,-0.36170044184192557,1.5119118460506353
570715000000125669,535.2357903170425,551.2169733819148,1.029858210818462,0.07050474991415817,-0.02149725274725273,205.530947085407,1.095457614313065,1.2438563511101217,-0.14724910428642118,-0.23570544589841208,1.3155231680288737
570715000000125683,548.9164816298502,565.6603177736464,1.0305034312215953,0.11743161268169852,-0.20417811355311347,203.67951018360148,1.142118948782194,1.299012872010258,-0.1470233617247283,-4.774653843782584,1.2964407404822473
570715000000125706,551.2419365915074,564.7236431406723,1.024456968264291,0.09167906604097516,-0.012866300366301079,215.18272119861683,1.1500504801118423,1.2954358809360966,-0.14913883115274784,-0.02125798101938599,1.4150022699264961
570715000000128905,1456.576490786311,1249.146669977083,0.8575908494189344,0.0853839990843539,-0.0008699633699639842,477.5276591794879,4.237914790023956,3.909123677915323,-0.20752009892570172,0.2768069303774843,4.11894441689468
570715000000161001,1144.8127618175572,1008.9451859749814,0.8813189541782657,0.05345084124985693,-0.15357142857142925,338.0038671294395,3.174568552605756,2.9918376385275045,-0.1992183726838214,-3.5172636020979153,2.6808977569036316
570715000000161018,1059.3392926633855,982.8860727405157,0.927829336217057,0.07760100721071306,5.2054412876197816e-17,416.25590168347094,2.8830404389127158,2.892322596528045,-0.18294583583321303,0.2984223247154416,3.4874274195117367
570715000000161025,1128.8008355270688,1004.2295974302102,0.8896428544556376,0.08984777383541262,-0.19255952380952396,340.23828853338836,3.119955972652573,2.973829658445342,-0.19630609873407498,-4.485974564137723,2.703927536912826
570715000000161032,1068.9346686505664,970.2199070975116,0.9076512677078074,0.07233604211972072,-0.15903159340659342,348.43063107227346,2.9157678090475665,2.8439527999584295,-0.19000551474784783,-3.652928642876817,2.7883645397526022
570715000000161049,1108.267151196063,964.3431914372508,0.8701360411129332,0.057800160238067985,-0.045295329670329496,320.436800642896,3.0499208340367647,2.8215106853520022,-0.20313092633261745,-0.8270002462744466,2.499837158452059
570715000000161056,1036.5563351264736,967.4380769806962,0.9333193423227266,0.08893212773263134,2.86299270819088e-16,413.5667156051604,2.805333605426124,2.8333294936924243,-0.1810250533595265,0.29842232471544744,3.459710461699827
571313161170169150,534.454149593682,537.330680526896,1.0053821846745896,0.08492617603296326,-0.035106227106226365,204.24325159764376,1.0927916379823754,1.190827109314729,-0.15581250497081958,-0.5738384724838027,1.3022511219637896
571313161170169709,546.7434108961886,539.3514391705423,0.9864799985178975,0.08458280874442028,-0.022886904761904768,199.26452526585362,1.1347071610289297,1.1985440212251184,-0.1624257923124564,-0.27023319422243913,1.250936284062365
571313161170169785,558.0419650909923,547.6640522918694,0.9814029885773363,0.08263706077601007,-0.20301396520146547,220.35954548613685,1.1732436358493032,1.2302883878292759,-0.16420208026639715,-4.745729033201427,1.468358867870439
571313174000602109,867.599072908321,903.0773188043415,1.0408924432999822,0.07725763992217008,-0.1399839743589738,296.9481876838119,2.2290636536314454,2.5875473945315837,-0.1433885693520067,-3.1796652721092564,2.2577442442807114
571313174000602116,893.222788142383,908.3176746205213,1.0168993521868501,0.057800160238067985,-0.1434752747252746,290.032176046575,2.316459584110408,2.6075593659462335,-0.15178300608169887,-3.2664112625444246,2.1864621547585155
571313174000602123,936.8830491015221,906.4850597744419,0.9675541260392829,0.054938766166876506,-0.06640338827838861,288.1902041590873,2.4653735529327734,2.600560941182676,-0.16904736676181936,-1.3514579720529176,2.167477281414126
571313174000602130,887.3569188508641,894.565246032858,1.0081233684314186,0.057571248712372666,-0.13746565934066007,293.70423526391676,2.296452606194934,2.5550413275854416,-0.15485344998692188,-3.117094393762618,2.224309409446759
571313174000602147,914.6975620922512,925.3977540967587,1.0116980655114376,0.06409522719468926,-0.12651098901098876,293.57961648360396,2.3897045384049065,2.672785101416918,-0.15360277460188942,-2.8449110729545755,2.2230249860651417
571313174000602154,949.5909351035824,916.9800847991607,0.9656580016732527,0.04955934531303651,-0.12403846153846132,304.75970515054735,2.5087168976205207,2.6406395442695585,-0.16971076173444785,-2.783477846941482,2.338256151514935
571313174000780944,646.7549273205906,585.2781622824978,0.9049458110929561,0.059974819732173515,-0.015006868131868408,199.75845091317322,1.4758208307946479,1.3739298733169314,-0.19095206991538377,-0.07444322761404527,1.2560270869783083
571313174000780951,676.4909694403112,605.5990634656729,0.8952064267268931,0.050589447178665446,-0.021989468864469012,201.03223396751437,1.5772428551215483,1.4515317209514067,-0.19435957774593263,-0.24793520848435638,1.269155740091402
571313174000828837,1336.8146617832208,1091.5270434030901,0.8165133691360525,0.041661897676548015,0.16698717948717978,365.19397142741343,3.829437862069579,3.30720282138731,-0.22189183233945514,4.447440385266505,2.961141277352702
571313174000828844,1258.3063637404146,1079.9509306091645,0.8582575450059121,0.04303536683071993,-0.013679029304030163,376.9522548610144,3.561666163270416,3.2629957395686406,-0.20728684286476065,-0.041451309940360635,3.0823317923929805
571313174000832711,1256.9521460455535,1118.650300965238,0.8899704769863982,0.048758154973102895,-9.157509157516445e-05,505.57226818785244,3.5570472735258054,3.4107816381787193,-0.1961914737950572,0.29614702004828686,4.407995163886755
571313174000832742,1205.222479111823,1057.207396084707,0.8771885808699864,0.04612567242760673,-0.01997481684981622,474.87344685051164,3.3806106274835326,3.1761422932117593,-0.20066346190733467,-0.19787850580700048,4.091587927234319
571313174000832759,1272.9938651711113,1047.5007376573835,0.8228639322755747,0.03674029987409866,-0.014457417582417916,331.41504207533836,3.6117614692095215,3.1390743196250015,-0.2196699677109556,-0.06079139961113673,2.612987920716577
571313174000839574,699.2241501659607,621.0912028943616,0.8882576534963011,0.06031818702071649,-0.01500686813186829,282.30043675315943,1.65477991265267,1.5106934004773391,-0.1967907374892996,-0.07444322761404235,2.1067725068249974
571313174000839604,703.2947693716378,632.6181249794671,0.8995063699175282,0.06375185990614628,-0.011652930402930658,286.834298410354,1.668663752285448,1.5547126318726203,-0.19285516129184344,0.008889805820384898,2.1535022044428156
571313174000839611,713.5392583266569,631.4781519599444,0.8849942656846148,0.06890236923429095,-0.012122252747253238,296.68583472259564,1.7036050805170062,1.5503592810162292,-0.19793249543872263,-0.0027711305987732377,2.2550402194396972
571313174001641220,1046.2169051161725,1000.937676460475,0.9567209930997342,0.041776353439395675,-0.020879120879121096,385.6776774391162,2.838283335607504,2.9612584074355865,-0.17283754321789147,-0.2203471393951442,3.1722631554321157
571313174001641237,1040.3703216206936,1003.3163591133955,0.9643838720335897,0.04269199954217695,-0.01839514652014697,383.9489587115655,2.8183421366032677,2.9703421664253473,-0.170156540087689,-0.15862950029866107,3.1544455620619
571313174001641244,1015.9961542863683,980.6958630052031,0.9652554873045165,0.04257754377932929,-0.023420329670330416,374.57716555261186,2.735208094003482,2.8839585815350484,-0.16985158899948075,-0.28348684390861595,3.0578521735627837
571313174001641251,1001.3477967265651,917.018153988022,0.915783863494563,0.046354583953302046,-0.019207875457875504,341.7815288930812,2.685246297783325,2.640784923618976,-0.18716017229246423,-0.1788228292196221,2.719833438065682
571313174001641268,979.1775781160582,900.959424176804,0.9201185201873737,0.04234863225363397,-0.36614010989011003,339.11619559352084,2.609629359853434,2.579459537860733,-0.18564361066306997,-8.798814560723699,2.6923623265593313
571313174001657931,1354.6685704475221,1176.63759409206,0.8685796804921453,0.06947464804852925,-0.008882783882782883,373.59629714428297,3.8903329721716773,3.6322246266269405,-0.20367544853270353,0.07771777200175388,3.047742539085661
571313174001657962,1181.3295181412384,1086.988062790459,0.9201395936510409,0.050932814467208425,-0.017719780219780996,381.54192423844023,3.2991178565544375,3.289869275067579,-0.18563623771322388,-0.14184912837842573,3.1296366901576773
571313174001657979,1296.3600663843424,1127.119418586271,0.869449351158974,0.04223417649078631,-0.06873855311355215,379.5739103172551,3.6914575975084483,3.443123667171508,-0.20337117780101915,-1.4094782410652527,3.1093527242147148
571313174001764448,15.257896303078862,32.02123108670847,2.0986661890110607,0.6747167219869521,-0.009322344322344309,13.034555993918222,-0.6780538168252364,-0.7388583190158192,0.22669358224876054,0.06679630959940139,-0.66850255405119
571313174116253585,166.62075449238867,200.59414082113142,1.2038964859584445,0.15829232001831292,0.01765396062271062,68.28291138755694,-0.16179387127974798,-0.09510885443292696,-0.0863585219800953,0.7370584025797718,-0.09906768006696483
