GSRN,Turbine_short_name,Turbine_name,Turbine_type,Parent_GSRN,In_service,Out_service,BBR_municipal,Placement,UTM_x,UTM_y,UTM_precision,Capacity_kw,Model,Manufacturer,Rotor_diameter,Navhub_height,Fullload_amount,Fullload_quota,Fullload_datetime,Actor_short_name,Actor_name,Valid_to,Valid_from
571313174116253585,791-74116253585,"Frederiksborgvej 399, 4000",W,,1816-03-29 05:56:08.067000+00:00,,265,LAND,694932.0,6175477.0,10.0,850.0,44708048,44707106,52.0,44.0,,,,NEEY-E,NEAS Energy A/S,2016-01-01 00:00:00,2015-03-31 23:00:00
570714700000106958,791-154-31960,Forskningscenter Risø,W,,2004-07-13 00:00:00+00:00,,265,LAND,694694.0,6175432.0,10.0,225.0,44707243,44707106,27.0,32.2,0.0,0.0,,MAKDK-E,Markedskraft Danmark A/S,2003-12-31 23:59:59,1971-01-01 00:00:00
570714700000004575,791-15449927,Forskningscenter Risø,W,,1992-09-01 00:00:00+00:00,,265,LAND,694665.0,6175505.0,10.0,500.0,44707805,44707113,41.0,37.0,5607650.0,7500000.0,2003-10-11 06:00:00+00:00,ENDKWP-E,"Energinet.dk, Marked vind prod.",2015-08-31 23:00:00,2010-12-01 00:00:00
570714700000004605,791-37-11490,Klaus Hartmann Nielsen,W,,1999-08-10 00:00:00+00:00,,265,LAND,697337.0,6174352.0,10.0,660.0,44707246,44707106,47.0,45.0,2064940.0,7920000.0,2005-12-26 20:00:00+00:00,ENDKWP-E,"Energinet.dk, Marked vind prod.",2009-08-31 22:59:59,2009-08-10 23:00:00
570714700000004568,791-37-9796,Kongemarkens Vindmølle,W,,1988-09-05 00:00:00+00:00,,265,LAND,689965.0,6171195.0,10.0,180.0,44707772,44707094,23.0,30.0,3051930.0,4500000.0,2009-10-15 13:00:00+00:00,ENDKWP-E,"Energinet.dk, Marked vind prod.",2009-11-30 23:59:59,2009-10-15 12:00:00
570714700000005213,740-26723,Darupvej,W,,1996-06-01 00:00:00+00:00,,265,LAND,693240.77,6167869.07,2.0,600.0,44707358,44707106,44.0,44.0,5006263.0,7200000.0,2003-07-23 08:00:00+00:00,ENDKAT-E,"Energinet.dk prio.prod, øst",2006-01-01 00:00:00,2003-01-01 00:00:00
570714700000004810,791-45-7244,Jens Frellsen Trællerupgård,W,,1990-12-21 00:00:00+00:00,,350,LAND,686396.0,6172018.0,10.0,150.0,44707325,44707113,24.6,32.5,2944655.0,3750000.0,2004-06-25 02:00:00+00:00,ENDKAT-E,"Energinet.dk prio.prod, øst",2004-06-25 01:00:00,2004-03-01 00:00:00
570714700000004964,791-72-8854,Ole Olsen,W,,1985-10-02 00:00:00+00:00,,240,LAND,702955.0,6182374.0,10.0,55.0,44707896,44707106,15.0,22.0,1865416.0,1375000.0,2000-01-01 00:00:00+00:00,NEEY-E,NEAS Energy A/S,9999-01-01 00:00:00,2019-11-01 00:00:00
570714700000004513,791-33-8118,Flemming Jensen,W,,1996-06-18 00:00:00+00:00,,265,LAND,694942.0,6163921.0,10.0,550.0,44707906,44707113,37.0,33.0,3696739.0,8250000.0,,ENDKAT-E,"Energinet.dk prio.prod, øst",2002-12-31 23:59:59,1996-06-01 00:00:00
570715000000107078,791-107078,IKEA,W,,2011-03-24 00:00:00+00:00,,169,LAND,706543.0,6173326.0,10.0,850.0,44707716,44707106,52.0,54.0,0.0,18700000.0,,EDK-E,Energi Danmark A/S,9999-01-01 00:00:00,2011-03-01 00:00:00
570714700000106699,791-153-19855,Bramsnæs Vindmøllelaug,W,,2003-12-16 00:00:00+00:00,,350,LAND,682883.0,6178515.0,10.0,900.0,44707860,44707079,52.0,44.0,0.0,0.0,,NEEY-E,NEAS Energy A/S,2018-03-31 23:00:00,2017-06-30 23:00:00
570714700000106682,791-153-19923,Bramsnæs Vindmøllelaug,W,,2003-12-16 00:00:00+00:00,,350,LAND,682686.0,6178510.0,10.0,900.0,44707860,44707079,52.0,44.0,0.0,0.0,,DANCOM-E,Danske Commodities A/S,2017-03-31 23:00:00,2017-01-01 00:00:00
570714700000005060,791-84-7551,Eckard Hahne,W,,1982-04-27 00:00:00+00:00,,250,LAND,684177.0,6183032.0,10.0,75.0,44707523,44707106,17.0,22.0,2288916.0,1375000.0,2000-01-01 00:00:00+00:00,DANCOM-E,Danske Commodities A/S,2010-12-01 00:00:00,2010-01-01 00:00:00
570714700000004476,791-28-20823,"Karlslunde Centervej 22 A, Højmarken 1",W,,1989-01-20 00:00:00+00:00,,253,LAND,701469.0,6163560.0,10.0,180.0,44707772,44707094,23.2,30.0,3595192.0,4500000.0,2004-12-05 11:00:00+00:00,NEEY-E,NEAS Energy A/S,9999-01-01 00:00:00,2017-09-30 23:00:00
570714700000004469,791-28-20822,"Karlslunde Centervej 22 A, Højmarken 2",W,,1989-01-20 00:00:00+00:00,,253,LAND,701439.0,6163403.0,10.0,180.0,44707772,44707094,23.2,30.0,3646725.0,4500000.0,2004-10-15 20:00:00+00:00,NEEY-E,NEAS Energy A/S,9999-01-01 00:00:00,2017-09-30 23:00:00
570714700000004735,791-44-8014,Niels Eghøj Nielsen,W,,1998-04-06 00:00:00+00:00,,350,LAND,682220.0,6169979.0,10.0,600.0,44707276,44707078,48.0,46.0,4428026.0,7200000.0,2003-06-09 04:00:00+00:00,DANCOM-E,Danske Commodities A/S,2013-01-01 00:00:00,2012-01-01 00:00:00
570714700000004742,791-44-8016,Jens Eghøj Nielsen,W,,1998-04-06 00:00:00+00:00,,350,LAND,682187.0,6169788.0,10.0,600.0,44707276,44707078,48.0,46.0,4086515.0,7200000.0,2003-09-27 04:00:00+00:00,NEEY-E,NEAS Energy A/S,2018-09-30 23:00:00,2016-01-01 00:00:00
570714700000004759,791-44-8018,Lars Eghøj,W,,1998-04-06 00:00:00+00:00,,350,LAND,682163.0,6169589.0,10.0,600.0,44707276,44707078,48.0,46.0,4314364.0,7200000.0,,ENDKAT-E,"Energinet.dk prio.prod, øst",2002-12-31 23:59:59,1998-03-31 23:00:00
570714700000003585,791-81-12485,Svanholm,W,,1990-03-01 00:00:00+00:00,,250,LAND,683466.0,6186047.0,10.0,200.0,44707558,44707078,27.0,30.0,,0.0,2001-01-01 00:00:00+00:00,NEEY-E,NEAS Energy A/S,2016-02-01 00:00:00,2010-12-01 00:00:00
570714700000011825,740-191859,"ØRSTED BYGADE 8, MØLLE 1",W,,1998-12-16 00:00:00+00:00,,265,LAND,693446.467,6159929.851,10.0,599.0,44707913,44707115,46.0,45.0,2343194.0,8985000.0,2007-03-18 19:00:00+00:00,ENDKWP-E,"Energinet.dk, Marked vind prod.",2009-01-31 23:59:59,2008-12-17 00:00:00
570714700000011832,740-191858,"ØRSTED BYGADE 8, MØLLE 2",W,,1998-12-16 00:00:00+00:00,,265,LAND,693606.467,6159825.852,10.0,599.0,44707538,44707115,46.0,45.0,2326544.0,8985000.0,2007-01-08 14:00:00+00:00,NEEY-E,NEAS Energy A/S,9999-01-01 00:00:00,2017-09-30 23:00:00
570714700000005053,791-81-12261,Svanholm Vindmøllelaug I/S,W,,1990-04-20 00:00:00+00:00,,250,LAND,683460.0,6186298.0,10.0,200.0,44707558,44707078,27.0,30.0,3820749.0,5000000.0,2005-01-04 01:00:00+00:00,NEEY-E,NEAS Energy A/S,2016-07-31 23:00:00,2016-02-01 00:00:00
570714700000004520,791-33-8297,Poul Brandstrup,W,,1999-05-10 00:00:00+00:00,,265,LAND,688686.0,6160521.0,10.0,750.0,44707720,44707135,48.0,45.0,1991627.0,9000000.0,2007-01-12 14:00:00+00:00,EGLNORD-E,Axpo Nordic AG,9999-01-01 00:00:00,2019-06-30 23:00:00
570714700000010750,740-184997,SOLRØD VINDKRAFT,W,,1997-07-03 00:00:00+00:00,,269,LAND,700292.442,6160079.862,10.0,300.0,44707425,44707113,31.0,30.5,1676507.0,4500000.0,,ENDKAT-E,"Energinet.dk prio.prod, øst",2002-12-31 23:59:59,1997-07-01 00:00:00
570714700000010767,740-184998,Nordmarksvej,W,,1997-07-01 00:00:00+00:00,,269,LAND,700292.442,6160078.862,10.0,300.0,44707425,44707113,31.0,30.5,1637597.0,4500000.0,2008-10-11 21:00:00+00:00,DANCOM-E,Danske Commodities A/S,2018-07-25 22:59:59,2016-12-01 00:00:00
570714700000004728,791-44-7555,Henrik Nielsen,W,,1987-04-13 00:00:00+00:00,,350,LAND,679150.0,6169634.0,10.0,95.0,44707764,44707084,18.0,24.5,2689033.0,2375000.0,2000-01-01 00:00:00+00:00,EGLNORD-E,Axpo Nordic AG,2016-06-30 23:00:00,2014-04-30 23:00:00
570714700000004704,791-44-7012,Gundested Camping,W,,1982-01-21 00:00:00+00:00,,350,LAND,680400.0,6165440.0,10.0,45.0,44707907,44707113,18.0,20.5,1897500.0,1125000.0,2000-01-01 00:00:00+00:00,NEEY-E,NEAS Energy A/S,9999-01-01 00:00:00,2019-11-01 00:00:00
570714700000012396,740-193715,HENRIK SKJOLD WISSING,W,,1999-08-16 00:00:00+00:00,,329,LAND,685246.496,6160413.836,10.0,600.0,44707284,44707084,44.0,45.0,1867121.0,7200000.0,2006-04-08 12:00:00+00:00,NEEY-E,NEAS Energy A/S,2019-03-31 23:00:00,2018-03-31 23:00:00
570714700000005039,791-81-11859,Ellemosegårds Vindmølle I/S,W,,1985-05-08 00:00:00+00:00,,250,LAND,686766.0,6191490.0,10.0,55.0,44707896,44707106,15.0,22.0,1915832.0,1375000.0,2000-01-01 00:00:00+00:00,NEEY-E,NEAS Energy A/S,2013-01-01 00:00:00,2010-12-01 00:00:00
570714700000009648,740-181300,KØGE VINDMØLLELAUG NR. 1,W,,1994-01-18 00:00:00+00:00,,259,LAND,696018.466,6156963.866,10.0,500.0,44707906,44707113,37.0,35.0,5535304.0,7500000.0,2004-03-19 10:00:00+00:00,NEEY-E,NEAS Energy A/S,2018-03-31 23:00:00,2017-09-30 23:00:00
570714700000009655,740-181301,KØGE VINDMØLLELAUG NR. 2,W,,1994-01-18 00:00:00+00:00,,259,LAND,695995.466,6156831.866,10.0,500.0,44707906,44707113,37.0,35.0,5341374.0,7500000.0,2004-09-15 20:00:00+00:00,ENDKAT-E,"Energinet.dk prio.prod, øst",2004-09-15 19:00:00,2003-01-01 00:00:00
570714700000009945,740-183332,KØGE VINDMØLLELAUG NR. 5,W,,1996-04-10 00:00:00+00:00,,259,LAND,695709.467,6156769.866,10.0,550.0,44707906,44707113,37.0,35.0,3442751.0,8250000.0,2008-08-28 03:00:00+00:00,DANCOM-E,Danske Commodities A/S,2019-01-01 00:00:00,2018-03-31 23:00:00
570714700000009938,740-183331,KØGE VINDMØLLELAUG NR. 4,W,,1996-04-10 00:00:00+00:00,,259,LAND,695829.467,6156735.866,10.0,550.0,44707906,44707113,37.0,35.0,3352458.0,8250000.0,2009-04-19 09:00:00+00:00,EGLNORD-E,Axpo Nordic AG,2017-09-30 23:00:00,2016-09-30 23:00:00
570714700000009662,740-181302,KØGE VINDMØLLELAUG NR 3,W,,1994-01-18 00:00:00+00:00,,259,LAND,695972.467,6156697.866,10.0,500.0,44707906,44707113,37.0,35.0,5358008.0,7500000.0,2004-09-21 17:00:00+00:00,DANCOM-E,Danske Commodities A/S,2016-09-30 23:00:00,2010-07-31 23:00:00
570714700000014284,740-060-00764,Bukkerupvej 109V,W,,2001-12-19 00:00:00+00:00,,316,LAND,676583.5,6164159.0,1.0,660.0,44707220,44707106,47.0,45.0,0.0,7920000.0,2008-09-17 04:00:00+00:00,NEEY-E,NEAS Energy A/S,9999-01-01 00:00:00,2015-08-31 23:00:00
570714700000014291,740-060-00765,Bukkerupvej 109V,W,,2001-12-19 00:00:00+00:00,,316,LAND,676489.5,6163959.0,1.0,660.0,44707220,44707106,47.0,45.0,0.0,7920000.0,2008-09-13 11:00:00+00:00,ENDKAT-E,"Energinet.dk, Tab og aftagepligt prod.",2011-12-20 00:00:00,2007-11-15 00:00:00
570714700000014307,740-060-00766,Bukkerupvej 109V,W,,2001-12-19 00:00:00+00:00,,316,LAND,676397.5,6163759.0,1.0,660.0,44707220,44707106,47.0,45.0,0.0,7920000.0,2008-03-05 20:00:00+00:00,NEEY-E,NEAS Energy A/S,9999-01-01 00:00:00,2019-06-30 23:00:00
570715000000091681,791-91681,Widex vindmølle,W,,2010-07-29 00:00:00+00:00,,201,LAND,707570.0,6193513.0,10.0,2000.0,44707682,44707106,80.0,59.9,,44000000.0,,NEEY-E,NEAS Energy A/S,2014-04-30 23:00:00,2014-01-01 00:00:00
570714700000010897,740-190253,OLE HANSEN,W,,1997-09-26 00:00:00+00:00,,259,LAND,692108.49,6153358.873,10.0,600.0,44707518,44707079,43.0,44.5,3526803.0,7200000.0,2005-04-16 00:00:00+00:00,NEEY-E,NEAS Energy A/S,2019-01-01 00:00:00,2018-09-30 23:00:00
570714700000014314,740-060-00767,Høbjergvej 54V,W,,2001-12-20 00:00:00+00:00,,316,LAND,675095.5,6164705.0,1.0,660.0,44707220,44707106,47.0,45.0,0.0,7920000.0,2008-10-08 14:00:00+00:00,EDK-E,Energi Danmark A/S,2011-03-31 22:59:59,2011-02-01 00:00:00
570714700000014321,740-060-00768,Høbjergvej 54V,W,,2001-12-20 00:00:00+00:00,,316,LAND,675008.5,6164500.0,1.0,660.0,44707220,44707106,47.0,45.0,0.0,7920000.0,2008-10-05 10:00:00+00:00,NEEY-E,NEAS Energy A/S,9999-01-01 00:00:00,2019-06-30 23:00:00
570714700000005091,791-86-6710,Orø 1,W,,1990-12-06 00:00:00+00:00,,316,LAND,674224.0,6185086.0,10.0,200.0,44707476,44707078,27.0,30.0,4322423.0,5000000.0,2003-02-01 19:00:00+00:00,DANCOM-E,Danske Commodities A/S,2016-04-30 22:59:59,2014-04-30 23:00:00
570714700000005503,740-4700490,Roskildevej 264 V,W,,1985-11-21 00:00:00+00:00,,316,LAND,672165.0,6173355.0,1.0,55.0,44707524,44707106,15.0,18.0,1855333.0,1375000.0,2001-03-31 23:59:00+00:00,ENDKWP-E,"Energinet.dk, Marked vind prod.",2011-03-31 22:59:59,2007-11-15 00:00:00
570714700000014338,740-060-00769,Høbjergvej 54V,W,,2001-12-20 00:00:00+00:00,,316,LAND,674918.5,6164301.0,1.0,660.0,44707220,44707106,47.0,50.0,0.0,7920000.0,2008-09-19 00:00:00+00:00,DANCOM-E,Danske Commodities A/S,9999-01-01 00:00:00,2019-11-01 00:00:00
570714700000004995,791-77-7420,Nr. Herlev Ejendom A/S,W,,1984-05-14 00:00:00+00:00,,219,LAND,704527.0,6196297.0,10.0,55.0,44707787,44707106,15.0,22.6,2036832.0,1375000.0,2000-01-01 00:00:00+00:00,ENDKWP-E,"Energinet.dk vind prod, Øst",2003-09-30 22:59:59,2003-01-01 00:00:00
570714700000000379,791-69-12330,Kollerød 1,W,,1993-01-20 00:00:00+00:00,,201,LAND,705674.0,6196241.0,10.0,500.0,44707363,44707106,39.0,40.5,,0.0,,DANCOM-E,Danske Commodities A/S,2016-04-30 22:59:59,2014-04-30 23:00:00
570714700000004940,791-69-12091,Mellemskov Møllelaug I/S,W,,1991-04-23 00:00:00+00:00,,201,LAND,705625.0,6196369.0,10.0,225.0,44707587,44707106,27.0,30.0,4080169.0,3750000.0,2000-01-01 00:00:00+00:00,MAKDK-E,Markedskraft Danmark A/S,2003-12-31 23:59:59,2003-01-01 00:00:00
570715000000128905,791-74115760145,Avedøre Holme 1,W,,2011-09-26 00:00:00+00:00,,167,HAV,717567.0,6167298.0,10.0,3600.0,44707540,44707122,120.0,90.0,,79200000.0,2018-01-02 04:00:00+00:00,DONGTP-E,DONG Energy Thermal Power A/S,9999-01-01 00:00:00,2013-11-01 00:00:00
570714700000000362,791-65-8452,Øllingegård 3,W,,2000-12-20 00:00:00+00:00,,219,LAND,699636.0,6199173.0,10.0,660.0,44707246,44707106,47.0,44.0,,0.0,,DONGP-E,DONG Energy Power A/S,2010-12-01 00:00:00,2007-11-15 00:00:00
570714700000000355,791-65-8450,Øllingegård 2,W,,2000-12-22 00:00:00+00:00,,219,LAND,699610.0,6199331.0,10.0,660.0,44707246,44707106,47.0,44.0,,0.0,,DONGP-E,DONG Energy Power A/S,2007-11-15 00:00:00,2006-01-01 00:00:00
570714700000000348,791-65-8448,Øllingegård 1,W,,2000-12-20 00:00:00+00:00,,219,LAND,699583.0,6199488.0,10.0,660.0,44707246,44707106,47.0,44.0,,0.0,,DONGTP-E,DONG Energy Thermal Power A/S,2013-10-31 23:59:59,2012-05-31 23:00:00
570715000000088643,791-88643,Avedøre Holme 2,W,,2009-11-23 00:00:00+00:00,,167,HAV,718024.0,6167247.0,10.0,3600.0,44707336,44707122,120.0,90.0,0.0,79200000.0,2016-05-11 16:00:00+00:00,NEEY-E,NEAS Energy A/S,9999-01-01 00:00:00,2011-03-31 23:00:00
570715000000088667,791-88667,Avedøre Holme 3,W,,2009-11-23 00:00:00+00:00,,167,HAV,718483.0,6167214.0,10.0,3600.0,44707336,44707122,120.0,90.0,0.0,79200000.0,2016-08-17 19:00:00+00:00,DONGTP-E,DONG Energy Thermal Power A/S,9999-01-01 00:00:00,2013-11-01 00:00:00
570714700000000317,791-62-8398,Nr. Herlev 1,W,,2001-05-14 00:00:00+00:00,,219,LAND,704171.0,6199826.0,10.0,660.0,44707246,44707106,47.0,40.0,0.0,0.0,,DANCOM-E,Danske Commodities A/S,2014-04-30 22:59:59,2013-11-01 00:00:00
570714700000000324,791-62-8400,Nr. Herlev 2,W,,2001-05-14 00:00:00+00:00,,219,LAND,704221.0,6199967.0,10.0,660.0,44707246,44707106,47.0,40.0,0.0,0.0,,DANCOM-E,Danske Commodities A/S,2016-04-30 22:59:59,2014-04-30 23:00:00
570714700000000140,791-19-29773,Avedøre Holme øst 2,W,,2000-05-18 00:00:00+00:00,,167,LAND,719970.0,6167337.0,10.0,660.0,44707246,44707106,47.0,40.0,,12000.0,2001-04-03 19:00:00+00:00,DANCOM-E,Danske Commodities A/S,9999-01-01 00:00:00,2016-04-30 23:00:00
570714700000000157,791-19-29775,"Avedøre Holme, Magasin",W,,2000-05-18 00:00:00+00:00,,167,LAND,720031.0,6167484.0,10.0,660.0,44707246,44707106,47.0,40.0,,12000.0,2001-04-04 11:00:00+00:00,DONGP-E,DONG Energy Power A/S,2002-12-31 23:59:59,2000-04-30 23:00:00
570714700000000331,791-62-8402,Nr. Herlev,W,,2001-05-14 00:00:00+00:00,,219,LAND,704272.0,6200109.0,10.0,660.0,44707246,44707106,47.0,40.0,0.0,7920000.0,,DONGP-E,DONG Energy Power A/S,2002-12-31 23:59:59,2001-05-20 23:00:00
570714700000004384,791-19-29777,A/S Th Wessel & Vett,W,,2000-05-18 00:00:00+00:00,,167,LAND,720096.0,6167633.0,10.0,660.0,44707246,44707106,47.0,40.0,1146105.0,7920000.0,2007-01-11 13:00:00+00:00,ENDKAT-E,"Energinet.dk prio.prod, øst",2006-01-01 00:00:00,2003-01-01 00:00:00
570714700000008450,740-166386,BØSTOFTE MØLLEN,W,,1989-07-03 00:00:00+00:00,,329,LAND,681822.533,6152065.863,10.0,200.0,44707297,44707094,24.0,30.0,3250753.0,5000000.0,,ENDKAT-E,"Energinet.dk prio.prod, øst",2006-08-31 22:59:59,2003-01-01 00:00:00
570714700000013621,740-195389,VINDKRAFT SJÆLLAND,W,,2000-09-25 00:00:00+00:00,,259,LAND,689719.515,6147664.891,10.0,750.0,44707566,44707079,48.0,45.0,702741.0,9000000.0,2007-05-15 19:00:00+00:00,NEEY-E,NEAS Energy A/S,2008-12-31 23:59:59,2008-09-30 23:00:00
570714700000006258,740-083-00785,Bonderupvej 17 V,W,,1993-04-30 00:00:00+00:00,,316,LAND,668334.4,6163178.0,1.0,150.0,44707796,44707111,24.6,32.5,1976850.0,3750000.0,2009-08-16 15:00:00+00:00,NEEY-E,NEAS Energy A/S,9999-01-01 00:00:00,2018-09-30 23:00:00
570714700000012631,740-072-00373,Sdr. Jernløsevej 20 V,W,,1999-11-22 00:00:00+00:00,,316,LAND,665920.1,6169926.0,1.0,660.0,44707220,44707106,47.0,40.0,1749573.0,7920000.0,2006-12-31 13:00:00+00:00,ENDKAT-E,"Energinet.dk, Tab og aftagepligt prod.",2009-11-23 00:00:00,2007-11-15 00:00:00
570714700000012570,740-072-00374,Lysemosevej 1 V,W,,1999-10-18 00:00:00+00:00,,316,LAND,665922.1,6169793.0,1.0,660.0,44707220,44707106,47.0,40.0,1845942.0,7920000.0,2007-01-04 02:00:00+00:00,ENDKAT-E,"Energinet.dk, Tab og aftagepligt prod.",2009-10-18 23:00:00,2007-11-15 00:00:00
570714700000012648,740-072-00375,Sdr. Jernløsevej 20 V,W,,1999-11-29 00:00:00+00:00,,316,LAND,665924.2,6169660.0,1.0,660.0,44707220,44707106,47.0,40.0,1793407.0,7920000.0,,ENDKAT-E,"Energinet.dk prio.prod, øst",2002-12-31 23:59:59,1999-11-01 00:00:00
570714700000013386,740-048-01103,Gl. Skovvej 125 V,W,,2000-11-13 00:00:00+00:00,,316,LAND,665214.6,6171295.0,1.0,660.0,44707220,44707106,47.0,40.0,403407.0,7920000.0,2008-03-13 07:00:00+00:00,ENDKAT-E,"Energinet.dk, Tab og aftagepligt prod.",2010-11-14 00:00:00,2009-03-31 23:00:00
570714700000013393,740-048-01104,Gl. Skovvej 125 V,W,,2000-11-13 00:00:00+00:00,,316,LAND,665192.0,6171149.0,10.0,660.0,44707220,44707106,47.0,40.0,404918.0,7920000.0,2008-02-17 02:00:00+00:00,DANCOM-E,Danske Commodities A/S,2013-03-31 23:00:00,2013-01-01 00:00:00
570714700000013409,740-048-01105,Gl. Skovvej 125 V,W,,2000-11-13 00:00:00+00:00,,316,LAND,665169.4,6171003.0,1.0,660.0,44707220,44707106,47.0,40.0,404940.0,7920000.0,2008-02-27 14:00:00+00:00,ENDKAT-E,"Energinet.dk, Tab og aftagepligt prod.",2010-11-14 00:00:00,2007-11-15 00:00:00
570714700000012327,740-192793,Bedsted Overdrev,W,,1999-04-16 00:00:00+00:00,,329,LAND,682108.719,6145819.539,10.0,750.0,44707566,44707079,44.0,45.0,2601634.0,9000000.0,2006-05-04 14:00:00+00:00,NEEY-E,NEAS Energy A/S,2014-01-01 00:00:00,2013-09-30 23:00:00
570714700000006296,740-086-03007,Sidingevej 45 V,W,,1988-10-31 00:00:00+00:00,,306,LAND,666125.7,6190712.0,1.0,180.0,44707297,44707094,25.0,30.0,4050061.0,4500000.0,2002-11-03 22:00:00+00:00,NEEY-E,NEAS Energy A/S,2011-06-30 22:59:59,2008-01-01 00:00:00
570714700000005138,791-87-7441,Frederiksværk Vindkraft I/S,W,,1997-06-12 00:00:00+00:00,,260,LAND,684890.0,6206649.0,10.0,550.0,44707806,44707113,41.0,42.0,3693727.0,8250000.0,2005-12-05 19:00:00+00:00,EGLNORD-E,Axpo Nordic AG,9999-01-01 00:00:00,2019-06-30 23:00:00
570714700000005121,791-87-7439,Frederiksværk Vindkraft I/S,W,,1997-11-01 00:00:00+00:00,,260,LAND,684797.0,6206754.0,10.0,550.0,44707806,44707113,41.0,42.0,4013038.0,8250000.0,2005-08-28 17:00:00+00:00,ENDKAT-E,"Energinet.dk prio.prod, øst",2006-01-01 00:00:00,2003-01-01 00:00:00
570715000000125669,740-60554412,WHM-B03 (L),W,,2011-09-20 00:00:00+00:00,,316,LAND,662930.0,6183061.0,32.0,2300.0,44707337,44707122,93.0,80.0,0.0,50600000.0,,VFDK-E,Vattenfall Danmark A/S,2014-12-31 23:59:59,2012-03-31 23:00:00
570714700000005114,791-87-7437,Halsnæsholm Vindmøllepark,W,,1997-06-12 00:00:00+00:00,,260,LAND,684704.0,6206858.0,10.0,550.0,44707806,44707113,41.0,42.0,4048533.0,8250000.0,2005-05-07 04:00:00+00:00,DANCOM-E,Danske Commodities A/S,2019-03-31 23:00:00,2019-01-01 00:00:00
570714700000005107,791-87-7435,Hans Erik Sørensen,W,,1997-06-12 00:00:00+00:00,,260,LAND,684608.0,6206962.0,10.0,550.0,44707806,44707113,41.0,42.0,3935654.0,8250000.0,2005-09-14 02:00:00+00:00,MAKDK-E,Markedskraft Danmark A/S,2007-07-31 22:59:59,2007-06-30 23:00:00
570715000000125706,740-60554416,WHM-B04 (N),W,,2011-10-05 00:00:00+00:00,,316,LAND,662571.0,6182687.0,32.0,2300.0,44707337,44707122,93.0,80.0,0.0,50600000.0,,VFDK-E,Vattenfall Danmark A/S,9999-01-01 00:00:00,2016-05-31 23:00:00
570715000000125652,740-60554410,WHM-B02 (K),W,,2011-09-22 00:00:00+00:00,,316,LAND,662560.0,6183036.0,32.0,2300.0,44707337,44707122,93.0,80.0,0.0,50600000.0,,VFDK-E,Vattenfall Danmark A/S,2014-12-31 23:59:59,2012-03-31 23:00:00
570714700000008252,740-165250,GYRSTINGE-ØRSLEVV.MØLLE,W,,1988-12-01 00:00:00+00:00,,329,LAND,671884.571,6151425.848,10.0,200.0,44707614,44707106,25.0,30.0,3921852.0,5000000.0,2006-12-17 12:00:00+00:00,DANCOM-E,Danske Commodities A/S,2019-10-31 23:59:59,2017-09-30 23:00:00
570714700000011900,740-192488,OLE OLSEN,W,,1998-12-16 00:00:00+00:00,,329,LAND,672039.571,6151123.85,10.0,660.0,44707220,44707106,47.0,45.0,2747275.0,7920000.0,,ENDKAT-E,"Energinet.dk prio.prod, øst",2002-12-31 23:59:59,1998-12-01 00:00:00
570715000000125683,740-60554414,WHM-B04 (M),W,,2011-10-03 00:00:00+00:00,,316,LAND,662238.0,6182677.0,32.0,2300.0,44707337,44707122,93.0,80.0,0.0,50600000.0,,VFDK-E,Vattenfall Danmark A/S,2016-05-31 22:59:59,2015-01-01 00:00:00
570715000000125638,740-60554408,WHM-B01 (J),W,,2011-09-24 00:00:00+00:00,,316,LAND,662291.0,6183214.0,32.0,2300.0,44707337,44707122,93.0,80.0,0.0,50600000.0,,VFDK-E,Vattenfall Danmark A/S,2012-03-31 22:59:59,2011-08-31 23:00:00
570714700000013119,740-086-03268,Sidingevej 39 V,W,,2000-07-07 00:00:00+00:00,,306,LAND,665689.5,6192021.9,1.0,660.0,44707220,44707106,47.0,45.0,866251.0,7920000.0,2007-01-26 19:00:00+00:00,ENDKAT-E,"Energinet.dk, Tab og aftagepligt prod.",2010-07-07 23:00:00,2007-11-15 00:00:00
570714700000013188,740-194573,HENRIK HANSEN,W,,2000-03-31 00:00:00+00:00,,329,LAND,680039.556,6145345.889,10.0,660.0,44707246,44707106,47.0,45.0,976607.0,7920000.0,2007-05-08 19:00:00+00:00,ENDKAT-E,"Energinet.dk, Tab og aftagepligt prod.",2010-03-31 23:00:00,2007-11-15 00:00:00
570714700000013898,740-195722,SIMON SIMONSEN,W,,2000-12-22 00:00:00+00:00,,329,LAND,672694.571,6150167.855,10.0,660.0,44707246,44707106,47.0,45.0,313731.0,7920000.0,2007-11-29 21:00:00+00:00,EDK-E,Energi Danmark A/S,9999-01-01 00:00:00,2019-06-30 23:00:00
570714700000013102,740-086-03267,Sidinge 2,W,,2000-08-09 00:00:00+00:00,,306,LAND,665433.3,6191764.0,1.0,660.0,44707220,44707106,47.0,45.0,788385.0,7920000.0,2007-01-31 12:00:00+00:00,ENDKWP-E,"Energinet.dk, Marked vind prod.",2013-12-01 00:00:00,2013-11-01 00:00:00
570714700000006029,740-055-03895,Nakke Østvej 48 V,W,,1989-04-17 00:00:00+00:00,,306,LAND,671087.1,6199349.0,1.0,200.0,44707297,44707094,24.0,30.0,4643236.0,5000000.0,2002-03-10 15:00:00+00:00,NEEY-E,NEAS Energy A/S,9999-01-01 00:00:00,2017-09-30 23:00:00
570714700000013881,740-195723,SØREN LARSON ØRNTOFT,W,,2000-12-22 00:00:00+00:00,,329,LAND,672803.571,6149999.856,10.0,660.0,44707246,44707106,47.0,45.0,340768.0,7920000.0,2007-04-18 11:00:00+00:00,EGLNORD-E,Axpo Nordic AG,2018-06-30 23:00:00,2018-03-31 23:00:00
570714700000013096,740-086-03266,Sejstrupvej 8 V,W,,2000-07-07 00:00:00+00:00,,306,LAND,665343.2,6191919.5,1.0,660.0,44707220,44707106,47.0,45.0,849711.0,7920000.0,2007-01-20 09:00:00+00:00,DANCOM-E,Danske Commodities A/S,9999-01-01 00:00:00,2017-06-30 23:00:00
571313161170169709,791-61170169358,Prøvestenen M1,W,,2013-12-23 00:00:00+00:00,,101,LAND,728802.0,6175594.0,10.0,2000.0,45677390,44707106,80.0,67.0,0.0,44000000.0,,MAKDK-E,Markedskraft Danmark A/S,2014-01-31 23:59:59,2013-12-01 00:00:00
570714700000003530,740-026-00693,Hagesholm Vindmølleklynge 6,W,,2000-06-05 00:00:00+00:00,,316,LAND,661592.9,6182640.0,1.0,2000.0,44707868,44707079,72.0,68.0,,0.0,,DANCOM-E,Danske Commodities A/S,9999-01-01 00:00:00,2013-11-01 00:00:00
571313161170169150,791-61170169136,Prøvestenen M2,W,,2013-12-23 00:00:00+00:00,,101,LAND,729049.0,6175792.0,10.0,2000.0,45677390,44707106,80.0,67.0,0.0,44000000.0,,HEP-E,HOFOR Energiproduktion A/S,9999-01-01 00:00:00,2019-03-31 23:00:00
570714700000006289,740-086-02916,Eskildstrupvej 33 V,W,,1986-07-10 00:00:00+00:00,,306,LAND,665633.1,6192981.0,1.0,75.0,44707444,44707106,17.0,18.0,1596840.0,1875000.0,,ENDKAT-E,"Energinet.dk prio.prod, øst",2002-12-31 23:59:59,1986-07-01 00:00:00
570714700000013058,740-026-00692,Hagesholmvej 17 V,W,,2000-05-12 00:00:00+00:00,,316,LAND,661599.9,6182841.0,1.0,2000.0,44707868,44707079,72.0,68.0,2430582.0,24000000.0,2007-10-08 01:00:00+00:00,NEEY-E,NEAS Energy A/S,2013-01-01 00:00:00,2010-05-31 23:00:00
570714700000013041,740-026-00691,Hagesholmvej 17 V,W,,2000-05-12 00:00:00+00:00,,316,LAND,661606.7,6183040.0,1.0,2000.0,44707868,44707079,72.0,68.0,2392382.0,24000000.0,2007-11-01 03:00:00+00:00,ENDKAT-E,"Energinet.dk prio.prod, øst",2007-11-14 23:59:59,2003-01-01 00:00:00
571313161170169785,791-61170169174,Prøvestenen M3,W,,2013-12-23 00:00:00+00:00,,101,LAND,729295.0,6175990.0,10.0,2000.0,45677390,44707106,80.0,67.0,0.0,44000000.0,,DANCOM-E,Danske Commodities A/S,9999-01-01 00:00:00,2015-03-31 23:00:00
570714700000012242,740-192597,MULSTRUP VINDMØLLELAUG I/S,W,,1998-11-13 00:00:00+00:00,,329,LAND,680127.881,6144413.288,10.0,750.0,44707566,44707079,48.2,45.0,3178500.0,9000000.0,,ENDKAT-E,"Energinet.dk prio.prod, øst",2002-12-31 23:59:59,1998-11-01 00:00:00
570714700000013034,740-026-00690,Hagesholmvej 17 V,W,,2000-05-11 00:00:00+00:00,,316,LAND,661093.2,6182659.0,1.0,2000.0,44707868,44707079,72.0,68.0,2650618.0,24000000.0,2007-01-28 14:00:00+00:00,NEEY-E,NEAS Energy A/S,9999-01-01 00:00:00,2019-06-30 23:00:00
570714700000003523,740-026-00689,Hagesholm Vindmølleklynge 2,W,,2000-06-07 00:00:00+00:00,,316,LAND,661100.6,6182857.0,1.0,2000.0,44707868,44707079,72.0,68.0,,0.0,,DANCOM-E,Danske Commodities A/S,9999-01-01 00:00:00,2013-11-01 00:00:00
570714700000003226,740-026-00688,Hagesholm Vindmølleklynge,W,,1999-08-12 00:00:00+00:00,,316,LAND,661108.1,6183058.0,1.0,2000.0,44707868,44707079,72.0,68.0,,0.0,,DONGP-E,DONG Energy Power A/S,2002-11-01 00:00:00,1999-07-31 23:00:00
570714700000012501,791-97-5020,ML Wind I/S,W,,1994-07-15 00:00:00+00:00,,260,LAND,684114.0,6208529.0,10.0,450.0,44707561,44707084,37.0,35.0,5575265.0,6750000.0,2002-10-26 15:00:00+00:00,NEEY-E,NEAS Energy A/S,9999-01-01 00:00:00,2014-11-01 00:00:00
570715000000125621,740-60554406,WHM-A04 (H),W,,2011-10-12 00:00:00+00:00,,316,LAND,660722.0,6182381.0,32.0,2300.0,44707337,44707122,93.0,80.0,0.0,50600000.0,,VFDK-E,Vattenfall Danmark A/S,2014-12-31 23:59:59,2012-03-31 23:00:00
570714700000010590,740-184699,TORBEN AGERTVED,W,,1997-03-20 00:00:00+00:00,,336,LAND,708693.437,6143347.905,10.0,600.0,44707358,44707106,44.0,40.0,4406944.0,7200000.0,,ENDKAT-E,"Energinet.dk prio.prod, øst",2002-12-31 23:59:59,1997-03-01 00:00:00
570714700000013126,791-97-11319,Vindkraft Sjælland I/S,W,,2000-03-22 00:00:00+00:00,,260,LAND,683011.0,6208536.0,10.0,750.0,44707571,44707079,44.0,48.0,1119298.0,9000000.0,,ENDKAT-E,"Energinet.dk prio.prod, øst",2002-12-31 23:59:59,2000-03-01 00:00:00
570714700000013133,791-97-11321,Vindkraft Sjælland I/S,W,,2000-03-22 00:00:00+00:00,,260,LAND,682829.0,6208473.0,10.0,750.0,44707571,44707079,44.0,48.0,1176118.0,9000000.0,2007-03-16 23:00:00+00:00,DANCOM-E,Danske Commodities A/S,9999-01-01 00:00:00,2013-01-01 00:00:00
570715000000125614,740-60554401,WHM-A04 (G),W,,2011-10-19 00:00:00+00:00,,316,LAND,660384.0,6182592.0,32.0,2300.0,44707337,44707122,93.0,80.0,0.0,50600000.0,,VFDK-E,Vattenfall Danmark A/S,2012-03-31 22:59:59,2011-09-30 23:00:00
571313174001641268,740-61063012,Turebylille WTG 5,W,,2016-12-21 00:00:00+00:00,,320,LAND,696261.0,6139827.0,1.0,3300.0,46012255,44707106,117.0,91.5,0.0,81987367.0,,NEEY-E,NEAS Energy A/S,2016-12-20 23:59:59,2016-12-01 00:00:00
570715000000125591,740-60554399,WHM-A03 (F),W,,2011-10-26 00:00:00+00:00,,316,LAND,659850.0,6182356.0,32.0,2300.0,44707337,44707122,93.0,80.0,0.0,50600000.0,,VFDK-E,Vattenfall Danmark A/S,2016-05-31 22:59:59,2015-01-01 00:00:00
571313174001641251,740-61063011,Turebylille WTG 4,W,,2016-12-15 00:00:00+00:00,,320,LAND,696339.0,6139432.0,1.0,3300.0,46012255,44707106,117.0,91.5,0.0,81987367.0,,NEEY-E,NEAS Energy A/S,2016-11-30 23:59:59,2016-09-30 23:00:00
570715000000125546,740-60554397,WHM-A02 (E),W,,2011-10-31 00:00:00+00:00,,316,LAND,659444.0,6182342.0,32.0,2300.0,44707337,44707122,93.0,80.0,0.0,50600000.0,,VFDK-E,Vattenfall Danmark A/S,9999-01-01 00:00:00,2016-05-31 23:00:00
571313174001641244,740-61063010,Turebylille WTG 3,W,,2016-12-15 00:00:00+00:00,,320,LAND,696417.0,6139038.0,1.0,3450.0,46023566,44707106,117.0,91.5,0.0,82977367.0,,NEEY-E,NEAS Energy A/S,2016-11-30 23:59:59,2016-09-30 23:00:00
570715000000125539,740-60554392,WHM-A01 (D),W,,2011-11-08 00:00:00+00:00,,316,LAND,659010.0,6182329.0,32.0,2300.0,44707337,44707122,93.0,80.0,0.0,50600000.0,,VFDK-E,Vattenfall Danmark A/S,2014-12-31 23:59:59,2012-03-31 23:00:00
570714700000013379,740-057-01156,Ringstedvej 57 V,W,,2000-10-18 00:00:00+00:00,,316,LAND,658788.6,6169881.0,1.0,900.0,44707860,44707079,52.0,49.0,666989.0,10800000.0,2008-06-21 17:00:00+00:00,DANCOM-E,Danske Commodities A/S,9999-01-01 00:00:00,2013-01-01 00:00:00
570714700000013362,740-057-01155,Ringstedvej 57 V,W,,2000-10-18 00:00:00+00:00,,316,LAND,658593.1,6169743.0,1.0,900.0,44707860,44707079,52.0,49.0,641118.0,10800000.0,,ENDKAT-E,"Energinet.dk, Tab og aftagepligt prod.",2008-09-30 22:59:59,2007-11-15 00:00:00
571313174001641237,740-61063009,Turebylille WTG 2,W,,2016-12-15 00:00:00+00:00,,320,LAND,696496.0,6138644.0,1.0,3450.0,46023566,44707106,117.0,91.5,0.0,82977367.0,,NEEY-E,NEAS Energy A/S,2016-12-14 23:59:59,2016-12-01 00:00:00
570714700000005886,740-047-00604,Henrik Boye Nielsen,W,,1980-06-27 00:00:00+00:00,,306,LAND,664605.683,6196625.485,1.0,55.0,44707524,44707106,15.0,22.0,1375000.0,1375000.0,2001-03-31 23:59:00+00:00,NEEY-E,NEAS Energy A/S,9999-01-01 00:00:00,2015-08-31 23:00:00
570714700000013355,740-057-01154,Ringstedvej 57 V,W,,2000-10-18 00:00:00+00:00,,316,LAND,658396.8,6169603.0,1.0,900.0,44707860,44707079,52.0,49.0,624675.0,10800000.0,2008-12-06 21:00:00+00:00,EGLNORD-E,Axpo Nordic AG,9999-01-01 00:00:00,2019-06-30 23:00:00
570714700000012525,740-040-00922,Lundemarken 4 V,W,,1999-09-21 00:00:00+00:00,,316,LAND,657967.9,6179120.0,1.0,600.0,44707666,44707084,44.0,35.0,1660335.0,7200000.0,2007-01-09 20:00:00+00:00,ENDKAT-E,"Energinet.dk prio.prod, øst",2007-11-14 23:59:59,2007-03-01 00:00:00
570714700000013515,740-195069,MØLLEGÅRDENS MØLLE,W,,2000-06-29 00:00:00+00:00,,329,LAND,679484.81,6141570.5,10.0,1000.0,44707478,44707084,54.2,47.8,1102814.0,12000000.0,2007-11-14 05:00:00+00:00,ENDKWP-E,"Energinet.dk, Marked vind prod.",2010-07-31 22:59:59,2010-06-29 23:00:00
571313174001641220,740-61063008,Turebylille WTG 1,W,,2016-12-15 00:00:00+00:00,,320,LAND,696574.0,6138249.0,17.0,3450.0,46023566,44707106,117.0,91.5,0.0,82977367.0,,NEEY-E,NEAS Energy A/S,2016-11-30 23:59:59,2016-09-30 23:00:00
570714700000003219,740-044,Ammerup 3,W,,1999-08-01 00:00:00+00:00,,336,LAND,706237.0,6139731.0,10.0,600.0,44707766,44707084,44.0,50.0,,0.0,,DONGP-E,DONG Energy Power A/S,2012-05-31 22:59:59,2007-11-15 00:00:00
570714700000012372,740-193277,HANS KROGSGÅRD GRAVERSEN,W,,1999-08-18 00:00:00+00:00,,336,LAND,706217.711,6139536.132,10.0,600.0,44707284,44707084,44.0,50.0,1875884.0,7200000.0,2006-09-08 13:00:00+00:00,NEEY-E,NEAS Energy A/S,9999-01-01 00:00:00,2019-07-31 23:00:00
570715000000084652,740-60461264,Stigs Bjergby 1,W,,2008-12-11 00:00:00+00:00,,316,LAND,657184.0,6174639.0,100.0,2300.0,44707337,44707122,93.0,80.0,0.0,50600000.0,,DONGP-E,DONG Energy Power A/S,2008-12-01 00:00:00,2008-11-01 00:00:00
570714700000013638,740-195414,BREGENTVED GODSKONTOR,W,,2000-10-06 00:00:00+00:00,,329,LAND,681918.355,6139983.441,10.0,1650.0,44707522,44707106,66.0,67.0,1546076.0,19800000.0,2007-03-11 18:00:00+00:00,NEEY-E,NEAS Energy A/S,9999-01-01 00:00:00,2013-06-30 23:00:00
570714700000012389,740-193278,AXEL MØLGAARD ANDERSEN,W,,1999-08-18 00:00:00+00:00,,336,LAND,706206.731,6139356.035,10.0,600.0,44707666,44707084,44.0,50.0,1893170.0,7200000.0,2006-08-05 13:00:00+00:00,NEEY-E,NEAS Energy A/S,9999-01-01 00:00:00,2019-06-30 23:00:00
571313174000780944,740-60691586,Tjørntved Vindmøllepark - Mølle1,W,,2013-12-17 00:00:00+00:00,,340,LAND,662145.0,6156577.0,33.0,2300.0,44707337,44707122,93.0,80.0,0.0,50600000.0,,NEEY-E,NEAS Energy A/S,2016-09-30 23:00:00,2016-08-03 23:00:00
570714700000012419,740-193713,WINNIE PAPIR A/S,W,,1999-08-16 00:00:00+00:00,,329,LAND,671194.12,6145826.989,10.0,600.0,44707284,44707084,44.0,45.0,1818163.0,7200000.0,,ENDKAT-E,"Energinet.dk prio.prod, øst",2002-12-31 23:59:59,1999-07-31 23:00:00
570715000000084607,740-60461267,Stigs Bjergby 2,W,,2008-12-11 00:00:00+00:00,,316,LAND,656877.0,6174736.0,100.0,2300.0,44707337,44707122,93.0,80.0,0.0,50600000.0,,DONGP-E,DONG Energy Power A/S,2012-05-31 22:59:59,2012-01-01 00:00:00
571313174000780951,740-60691596,Tjørntved Vindmøllepark - Mølle2,W,,2013-12-16 00:00:00+00:00,,340,LAND,661792.0,6156598.0,33.0,2300.0,44707337,44707122,93.0,80.0,0.0,50600000.0,,EGLNORD-E,Axpo Nordic AG,2017-06-30 23:00:00,2016-09-30 23:00:00
570714700000012402,740-193714,HENRIK SKJOLD WISSING,W,,1999-08-16 00:00:00+00:00,,329,LAND,670973.214,6145533.682,10.0,600.0,44707284,44707084,44.0,45.0,1737591.0,7200000.0,2006-11-12 18:00:00+00:00,EGLNORD-E,Axpo Nordic AG,2016-12-01 00:00:00,2014-12-01 00:00:00
570714700000010989,740-190786,HESSELBJERG AGRO,W,,1997-12-22 00:00:00+00:00,,336,LAND,702686.75,6137229.925,10.0,600.0,44707961,44707078,48.0,46.0,4296103.0,7200000.0,2003-09-29 14:00:00+00:00,NEEY-E,NEAS Energy A/S,2018-06-30 23:00:00,2018-03-31 23:00:00
570714700000013348,740-034-01408,Fjordvej 3 V,W,,2000-10-30 00:00:00+00:00,,306,LAND,655940.1,6183128.0,1.0,550.0,44707906,44707113,37.3,35.0,263387.0,8250000.0,,ENDKAT-E,"Energinet.dk prio.prod, øst",2002-12-31 23:59:59,2000-09-30 23:00:00
570714700000013331,740-034-01407,Fjordvej 3 V,W,,2000-10-13 00:00:00+00:00,,306,LAND,655834.7,6183027.0,1.0,550.0,44707906,44707113,37.3,35.0,280337.0,8250000.0,,ENDKAT-E,"Energinet.dk prio.prod, øst",2002-12-31 23:59:59,2000-09-30 23:00:00
570714700000013324,740-034-01406,Fjordvej 3 V,W,,2000-10-13 00:00:00+00:00,,306,LAND,655729.5,6182926.0,1.0,550.0,44707906,44707113,37.3,35.0,316101.0,8250000.0,2012-10-25 22:00:00+00:00,ENDKAT-E,"Energinet.dk prio.prod, øst",2007-11-14 23:59:59,2003-01-01 00:00:00
570714700000011269,740-191069,JENS HANSEN,W,,1998-04-28 00:00:00+00:00,,320,LAND,683248.568,6136889.929,10.0,600.0,44707358,44707106,44.0,40.0,3136322.0,7200000.0,2005-03-27 05:00:00+00:00,DANCOM-E,Danske Commodities A/S,9999-01-01 00:00:00,2013-01-01 00:00:00
570714700000002786,740-040,Teestrup 1,W,,1998-06-01 00:00:00+00:00,,320,LAND,683346.0,6136722.0,10.0,600.0,44707930,44707106,44.0,45.0,,0.0,,DANCOM-E,Danske Commodities A/S,9999-01-01 00:00:00,2016-09-30 23:00:00
570714700000013317,740-008-00366,Tornved Byvej 18 V,W,,2000-06-29 00:00:00+00:00,,316,LAND,654797.0,6170201.0,1.0,660.0,44707220,44707106,47.0,49.7,692850.0,7920000.0,,ENDKAT-E,"Energinet.dk prio.prod, øst",2002-12-31 23:59:59,2000-05-31 23:00:00
570714700000011252,740-191070,FLINIKA,W,,1998-04-28 00:00:00+00:00,,320,LAND,683437.568,6136561.931,10.0,600.0,44707358,44707106,44.0,45.0,3039590.0,7200000.0,2005-06-15 17:00:00+00:00,ENDKWP-E,"Energinet.dk, Marked vind prod.",2008-06-30 22:59:59,2008-04-28 23:00:00
570714700000013300,740-008-00365,Tornvej Byvej 18 V,W,,2000-06-30 00:00:00+00:00,,316,LAND,654639.0,6170306.0,1.0,660.0,44707220,44707106,47.0,49.7,679027.0,7920000.0,,ENDKAT-E,"Energinet.dk prio.prod, øst",2002-12-31 23:59:59,2000-05-31 23:00:00
570715000000083464,740-400073,Theis Mariegaard,W,,2007-12-03 00:00:00+00:00,,306,LAND,656736.0,6189472.0,100.0,55.0,44707455,44707137,15.5,18.0,0.0,0.0,,DANCOM-E,Danske Commodities A/S,2019-10-31 23:59:59,2013-01-01 00:00:00
570714700000011849,740-192152,TEESTRUP VINDMØLLELAUG,W,,1998-11-27 00:00:00+00:00,,320,LAND,683532.568,6136395.931,10.0,600.0,44707782,44707079,43.0,44.5,2338626.0,7200000.0,2006-11-05 04:00:00+00:00,ENDKAT-E,"Energinet.dk, Tab og aftagepligt prod.",2008-11-28 00:00:00,2008-01-01 00:00:00
570714700000013294,740-008-00364,Tornvej Byvej 18 V,W,,2000-06-15 00:00:00+00:00,,316,LAND,654480.4,6170411.0,1.0,660.0,44707220,44707106,47.0,49.7,708429.0,7920000.0,2008-01-31 11:00:00+00:00,DANCOM-E,Danske Commodities A/S,2013-09-30 23:00:00,2012-01-01 00:00:00
570714700000013904,740-195745,TRYGGEVÆLDE MØLLELAUG I/S - MØLLE 1,W,,2000-12-19 00:00:00+00:00,,320,LAND,703716.286,6135645.649,10.0,660.0,44707246,44707106,47.0,45.0,298747.0,7920000.0,,ENDKAT-E,"Energinet.dk prio.prod, øst",2002-12-31 23:59:59,2000-12-01 00:00:00
570714700000011856,740-192153,TEESTRUP VINDMØLLELAUG,W,,1998-11-27 00:00:00+00:00,,320,LAND,683627.568,6136231.932,10.0,600.0,44707782,44707079,43.0,44.5,2408384.0,7200000.0,2006-08-24 03:00:00+00:00,ENDKAT-E,"Energinet.dk, Tab og aftagepligt prod.",2007-12-31 23:59:59,2007-11-15 00:00:00
570714700000014178,740-195750,"TINGHUSVEJ, KARISE",W,,2000-12-19 00:00:00+00:00,,320,LAND,703911.291,6135589.662,10.0,660.0,44707246,44707106,47.0,45.0,857242.0,7920000.0,,ENDKAT-E,"Energinet.dk prio.prod, øst",2002-12-31 23:59:59,2000-12-01 00:00:00
570714700000013911,740-195746,HANS CHR. ALLER,W,,2000-12-19 00:00:00+00:00,,320,LAND,703659.945,6135451.121,10.0,660.0,44707246,44707106,47.0,45.0,319872.0,7920000.0,2008-02-23 00:00:00+00:00,DANCOM-E,Danske Commodities A/S,9999-01-01 00:00:00,2019-01-01 00:00:00
570714700000011863,740-192154,FLEMMING PETERSON,W,,1998-11-27 00:00:00+00:00,,320,LAND,683721.568,6136066.933,10.0,600.0,44707782,44707079,43.0,44.5,2458521.0,7200000.0,2006-01-26 04:00:00+00:00,DANCOM-E,Danske Commodities A/S,2019-02-01 00:00:00,2018-06-30 23:00:00
570714700000013928,740-195748,"STORE LINDEVEJ, KARISE",W,,2000-12-19 00:00:00+00:00,,320,LAND,703853.337,6135388.931,10.0,660.0,44707246,44707106,47.0,45.0,306847.0,7920000.0,2008-08-14 10:00:00+00:00,ENDKWP-E,"Energinet.dk, Marked vind prod.",2015-08-31 23:00:00,2010-12-20 00:00:00
570714700000013843,740-195342,VINDKRAFT SJÆLLAND (4) I/S,W,,2000-11-10 00:00:00+00:00,,370,LAND,673521.589,6140211.902,10.0,750.0,44707566,44707079,48.0,45.0,516317.0,9000000.0,2007-03-17 14:00:00+00:00,NEEY-E,NEAS Energy A/S,2014-04-30 23:00:00,2013-01-01 00:00:00
570714700000013836,740-195341,GUSTAV GARTH GRÜNER,W,,2000-11-10 00:00:00+00:00,,370,LAND,673504.589,6140211.902,10.0,750.0,44707566,44707079,48.0,42.0,550424.0,9000000.0,2007-09-04 16:00:00+00:00,NEEY-E,NEAS Energy A/S,9999-01-01 00:00:00,2015-08-31 23:00:00
570714700000003165,740-60577960,Gudmandstrup Vindmølleklynge 1,W,,1999-04-22 00:00:00+00:00,,316,LAND,653525.1,6175998.0,1.0,550.0,44707696,44707113,41.0,35.0,,15000.0,2001-04-05 18:00:00+00:00,DANCOM-E,Danske Commodities A/S,9999-01-01 00:00:00,2016-09-30 23:00:00
570714700000000966,740-068-01737,Svinninge Vejle Vindmølleklynge,W,,1994-06-27 00:00:00+00:00,,316,LAND,653355.3,6178898.0,1.0,450.0,44707479,44707084,37.0,35.0,,15000.0,2001-04-07 22:00:00+00:00,DONGP-E,DONG Energy Power A/S,2003-12-31 23:59:59,2003-01-01 00:00:00
570714700000012495,791-95-14792,Helge & H P Madsen,W,,1997-10-09 00:00:00+00:00,,270,LAND,698358.0,6218213.0,10.0,600.0,44707276,44707078,48.0,46.0,5550968.0,7200000.0,2002-04-28 06:00:00+00:00,NEEY-E,NEAS Energy A/S,9999-01-01 00:00:00,2013-01-01 00:00:00
571313174001764448,740-61102449,Karise Permotopia,W,,2018-11-21 00:00:00+00:00,,320,LAND,702483.0,6132921.0,1.0,225.0,44707344,44707106,29.0,31.5,,,,NEEY-E,NEAS Energy A/S,9999-01-01 00:00:00,2019-03-01 00:00:00
570714700000007927,740-163470,ÅSØ VINDMØLLELAUG,W,,1988-03-18 00:00:00+00:00,,370,LAND,670969.786,6139405.995,10.0,150.0,44707222,44707108,22.0,31.0,2812497.0,3750000.0,,ENDKAT-E,"Energinet.dk prio.prod, øst",2002-12-31 23:59:59,1988-03-01 00:00:00
570714700000012303,740-192742,AIOLOS,W,,1999-04-16 00:00:00+00:00,,320,LAND,684047.744,6133085.893,10.0,660.0,44707220,44707106,47.0,50.0,2519204.0,7920000.0,2005-07-04 21:00:00+00:00,NEEY-E,NEAS Energy A/S,2008-12-31 23:59:59,2008-09-30 23:00:00
570714700000012297,740-192736,NIELS BRANDT LASSEN,W,,1999-04-16 00:00:00+00:00,,320,LAND,683791.645,6133130.947,10.0,660.0,44707220,44707106,47.0,50.0,2401131.0,7920000.0,,ENDKAT-E,"Energinet.dk prio.prod, øst",2002-12-31 23:59:59,1999-03-31 23:00:00
570714700000012280,740-192735,TORBEN NIELSEN,W,,1999-04-16 00:00:00+00:00,,320,LAND,683533.79,6133175.942,10.0,660.0,44707220,44707106,47.0,50.0,2526396.0,7920000.0,2005-06-07 13:00:00+00:00,NEEY-E,NEAS Energy A/S,2009-03-31 22:59:59,2009-01-01 00:00:00
570714700000009914,740-183274,MARIANNE HANSEN,W,,1996-01-18 00:00:00+00:00,,336,LAND,717458.76,6137601.863,10.0,500.0,44707713,44707106,39.0,35.0,5759797.0,7500000.0,2002-12-06 14:00:00+00:00,ENDKAT-E,"Energinet.dk prio.prod, øst",2002-12-31 23:59:59,1996-01-01 00:00:00
570714700000002311,740-024-2,Holtug 2,W,,1996-03-01 00:00:00+00:00,,336,LAND,717436.654,6137405.675,10.0,500.0,44707363,44707106,39.0,35.0,,0.0,,DANCOM-E,Danske Commodities A/S,2016-04-30 22:59:59,2014-04-30 23:00:00
570714700000002304,740-024-1,Holtug 3,W,,1996-03-01 00:00:00+00:00,,336,LAND,717411.48,6137200.046,10.0,500.0,44707363,44707106,39.0,35.0,,0.0,,NEEY-E,NEAS Energy A/S,2016-09-30 23:00:00,2016-08-02 23:00:00
570714700000013829,740-195455,GRANTOFTEGÅRD VINDMØLLER I/S,W,,2000-10-13 00:00:00+00:00,,320,LAND,692159.323,6130762.852,10.0,750.0,44707566,44707079,48.0,45.0,613093.0,9000000.0,2007-09-10 13:00:00+00:00,DANCOM-E,Danske Commodities A/S,9999-01-01 00:00:00,2013-01-01 00:00:00
570714700000013812,740-195456,GRANTOFTEGÅRD VINDMØLLER I/S,W,,2000-10-13 00:00:00+00:00,,320,LAND,692336.015,6130640.52,10.0,750.0,44707566,44707079,48.0,45.0,644759.0,9000000.0,2007-12-24 19:00:00+00:00,ENDKAT-E,"Energinet.dk, Tab og aftagepligt prod.",2010-10-13 23:00:00,2007-11-15 00:00:00
570714700000005442,740-070-00748,Skippingevej 31 V,W,,1998-01-21 00:00:00+00:00,,326,LAND,649584.6,6178157.0,1.0,600.0,44707532,44707113,43.0,44.5,4034650.0,7200000.0,,ENDKAT-E,"Energinet.dk prio.prod, øst",2002-12-31 23:59:59,1998-01-01 00:00:00
570714700000003134,740-60580795,Særslev Vindmølleklynge 1,W,,1999-04-21 00:00:00+00:00,,326,LAND,649548.9,6178558.0,1.0,600.0,44707532,44707113,43.0,44.5,,12000.0,2001-04-04 20:00:00+00:00,DONGTP-E,DONG Energy Thermal Power A/S,2013-10-31 23:59:59,2012-05-31 23:00:00
570714700000005435,740-070-00747,Skippingevej 31 V,W,,1998-01-21 00:00:00+00:00,,326,LAND,649537.3,6178693.0,1.0,600.0,44707532,44707113,43.0,44.5,4149759.0,7200000.0,2003-12-22 06:00:00+00:00,ENDKAT-E,"Energinet.dk prio.prod, øst",2007-11-14 23:59:59,2006-09-30 23:00:00
570714700000013430,740-194362,ANDERS HVIDBÆK-ANDERSEN,W,,2000-01-20 00:00:00+00:00,,320,LAND,700249.278,6129450.012,10.0,599.0,44707234,44707115,46.0,35.0,1368767.0,8985000.0,2009-01-01 00:00:00+00:00,ENDKAT-E,"Energinet.dk, Tab og aftagepligt prod.",2009-01-01 00:00:00,2007-11-15 00:00:00
570714700000003301,740-599-1,Uglerup Vindmølleklynge 1,W,,1999-09-29 00:00:00+00:00,,326,LAND,649835.7,6163001.0,1.0,750.0,44707555,44707078,44.0,40.0,,0.0,,DONGTP-E,DONG Energy Thermal Power A/S,2013-10-31 23:59:59,2013-02-01 00:00:00
570714700000003318,740-599-2,Uglerup vindmølleklynge 2,W,,1999-09-29 00:00:00+00:00,,326,LAND,649738.6,6162900.0,1.0,750.0,44707490,44707079,44.0,40.0,,0.0,,DANCOM-E,Danske Commodities A/S,2014-04-30 22:59:59,2013-11-01 00:00:00
570714700000008764,740-174068,POUL HENNING NIELSEN,W,,1990-02-19 00:00:00+00:00,,336,LAND,717623.424,6134367.631,10.0,150.0,44707719,44707135,28.0,31.0,4237013.0,3750000.0,2000-01-01 00:00:00+00:00,EDK-E,Energi Danmark A/S,9999-01-01 00:00:00,2014-08-31 23:00:00
570714700000005282,740-019-01373,Nykøbingvej 57 V,W,,1997-01-13 00:00:00+00:00,,326,LAND,648069.3,6180076.0,1.0,550.0,44707906,44707113,37.0,35.0,4042478.0,8250000.0,2006-02-17 08:00:00+00:00,DANCOM-E,Danske Commodities A/S,2019-06-30 23:00:00,2018-09-30 23:00:00
570714700000012846,740-194292,POUL FRITZNER,W,,2000-01-18 00:00:00+00:00,,370,LAND,675987.874,6132321.168,10.0,750.0,44707657,44707079,48.0,45.0,1607610.0,9000000.0,2007-02-28 12:00:00+00:00,NEEY-E,NEAS Energy A/S,2019-02-28 23:59:59,2015-08-31 23:00:00
570714700000011818,740-191575,ASGER OLSEN,W,,1998-09-09 00:00:00+00:00,,336,LAND,712027.756,6131531.604,10.0,750.0,44707566,44707079,48.2,45.0,4214924.0,9000000.0,,ENDKAT-E,"Energinet.dk prio.prod, øst",2002-12-31 23:59:59,1998-08-31 23:00:00
570714700000005299,740-019-01374,Nykøbingvej 57 V,W,,1997-01-13 00:00:00+00:00,,326,LAND,647928.0,6180223.0,1.0,550.0,44707906,44707113,37.0,35.0,4254913.0,8250000.0,2005-10-09 02:00:00+00:00,DANCOM-E,Danske Commodities A/S,2019-06-30 23:00:00,2018-09-30 23:00:00
570714700000012839,740-194291,VIBORGGÅRD,W,,2000-01-18 00:00:00+00:00,,370,LAND,675764.591,6132253.48,10.0,750.0,44707657,44707079,48.0,45.0,1647600.0,9000000.0,2007-01-15 17:00:00+00:00,ENDKAT-E,"Energinet.dk prio.prod, øst",2007-11-14 23:59:59,2003-01-01 00:00:00
570714700000011801,740-191574,ASGER ANDERSEN,W,,1998-09-09 00:00:00+00:00,,336,LAND,712016.36,6131363.847,10.0,750.0,44707566,44707079,48.0,45.0,4188806.0,9000000.0,2004-05-26 00:00:00+00:00,NEEY-E,NEAS Energy A/S,9999-01-01 00:00:00,2018-06-30 23:00:00
570714700000005305,740-019-01372,Nykøbingvej 57 V,W,,1997-01-13 00:00:00+00:00,,326,LAND,647792.3,6180376.0,1.0,550.0,44707906,44707113,37.0,35.0,4272197.0,8250000.0,2005-09-06 18:00:00+00:00,NEEY-E,NEAS Energy A/S,2012-09-30 22:59:59,2008-02-01 00:00:00
570714700000011795,740-191573,LARS SKOU HANSEN,W,,1998-09-09 00:00:00+00:00,,336,LAND,712014.371,6131184.156,10.0,750.0,44707566,44707079,48.0,45.0,4240684.0,9000000.0,,ENDKAT-E,"Energinet.dk prio.prod, øst",2002-12-31 23:59:59,1998-08-31 23:00:00
570714700000011788,740-191572,CARL SKOU,W,,1998-09-09 00:00:00+00:00,,336,LAND,712031.78,6131005.394,10.0,750.0,44707566,44707079,48.0,45.0,4292837.0,9000000.0,2004-03-31 20:00:00+00:00,NEEY-E,NEAS Energy A/S,9999-01-01 00:00:00,2019-12-01 00:00:00
570714700000003431,740-046,St. Torøje 1,W,,2000-01-01 00:00:00+00:00,,320,LAND,708266.306,6129634.381,10.0,660.0,44707246,44707106,47.0,45.0,,0.0,,DANCOM-E,Danske Commodities A/S,9999-01-01 00:00:00,2016-09-30 23:00:00
570714700000011771,740-191571,HANS HENRIK THYSSEN,W,,1998-09-09 00:00:00+00:00,,336,LAND,711981.286,6130841.956,10.0,750.0,44707564,44707079,48.0,46.0,4467627.0,9000000.0,2004-03-09 14:00:00+00:00,ENDKAT-E,"Energinet.dk prio.prod, øst",2007-11-14 23:59:59,2003-01-01 00:00:00
570714700000007828,740-162963,VINDMØLLELAUGET KLOKKEHØJ,W,,1988-05-02 00:00:00+00:00,,336,LAND,712502.429,6130923.882,10.0,200.0,44707320,44707110,24.0,28.5,4121382.0,5000000.0,2004-04-29 17:00:00+00:00,MAKDK-E,Markedskraft Danmark A/S,2005-06-30 22:59:59,2004-06-30 23:00:00
570714700000012792,740-194324,ST.TORØJE VINDMØLLELAUG I/S,W,,2000-01-06 00:00:00+00:00,,320,LAND,708374.419,6129478.464,10.0,660.0,44707246,44707106,47.0,45.0,1718726.0,7920000.0,,ENDKAT-E,"Energinet.dk prio.prod, øst",2002-12-31 23:59:59,2000-01-01 00:00:00
570714700000012808,740-194323,POUL ERIK PEDERSEN,W,,2000-01-06 00:00:00+00:00,,320,LAND,708446.366,6129302.268,10.0,660.0,44707246,44707106,47.0,45.0,1750624.0,7920000.0,2006-01-06 14:00:00+00:00,ENDKAT-E,"Energinet.dk, Tab og aftagepligt prod.",2008-09-30 22:59:59,2007-11-15 00:00:00
570714700000012815,740-194322,ST. TORØJE MØLLERNE,W,,2000-01-06 00:00:00+00:00,,320,LAND,708565.514,6129137.586,10.0,660.0,44707246,44707106,47.0,45.0,1764746.0,7920000.0,2005-12-02 16:00:00+00:00,NEEY-E,NEAS Energy A/S,2017-09-30 22:59:59,2015-08-31 23:00:00
571313174000602154,740-60574903,Kragerupgård - Mølle 1,W,,2012-05-16 00:00:00+00:00,,326,LAND,652363.0,6152579.0,23.0,3000.0,44707607,44707133,101.0,89.5,0.0,66000000.0,,EDK-E,Energi Danmark A/S,9999-01-01 00:00:00,2015-03-31 23:00:00
570714700000012518,740-062-00224,Næsbyskovvej 9 V,W,,1999-10-05 00:00:00+00:00,,330,LAND,654206.0,6149422.0,1.0,600.0,44707282,44707084,44.0,40.0,1993795.0,7200000.0,2006-08-05 23:00:00+00:00,DANCOM-E,Danske Commodities A/S,2017-01-01 00:00:00,2013-01-01 00:00:00
571313174000602147,740-60574901,Kragerupgård Mølle 2,W,,2012-05-10 00:00:00+00:00,,326,LAND,652106.0,6152745.0,22.0,3000.0,44707607,44707133,101.0,89.5,0.0,66000000.0,,NEEY-E,NEAS Energy A/S,2015-01-01 00:00:00,2012-04-30 23:00:00
570714700000005466,740-046-00197,Nordrupvej 30 V,W,,1998-03-18 00:00:00+00:00,,330,LAND,652673.655,6151587.229,10.0,750.0,44707490,44707079,44.0,40.0,3574096.0,9000000.0,2006-05-25 09:00:00+00:00,NEEY-E,NEAS Energy A/S,9999-01-01 00:00:00,2019-06-30 23:00:00
571313174000602130,740-60574899,Kragerupgård - Mølle 3,W,,2012-05-09 00:00:00+00:00,,326,LAND,651848.0,6152910.0,22.0,3000.0,44707607,44707133,101.0,89.5,0.0,66000000.0,,NEEY-E,NEAS Energy A/S,2019-06-30 23:00:00,2018-09-30 23:00:00
571313174000602109,740-60574893,Kragerupgård - Mølle 4,W,,2012-05-01 00:00:00+00:00,,326,LAND,651591.0,6153076.0,21.0,3000.0,44707607,44707133,101.0,89.5,0.0,66000000.0,,NEEY-E,NEAS Energy A/S,2013-01-01 00:00:00,2012-04-30 23:00:00
571313174000602116,740-60574895,Kragerupgård - Mølle 5,W,,2012-04-30 00:00:00+00:00,,326,LAND,651333.0,6153241.0,21.0,3000.0,44707607,44707133,101.0,89.5,0.0,66000000.0,,NEEY-E,NEAS Energy A/S,2012-04-30 22:59:59,2012-03-31 23:00:00
571313174000602123,740-60574897,Kragerupgård - Mølle 6,W,,2012-04-17 00:00:00+00:00,,326,LAND,651076.0,6153407.0,22.0,3000.0,44707607,44707133,101.0,89.5,0.0,66000000.0,,DANCOM-E,Danske Commodities A/S,9999-01-01 00:00:00,2019-09-30 23:00:00
570714700000005428,740-062-00222,Tyvelse Byvej 1 V,W,,1997-12-23 00:00:00+00:00,,330,LAND,653440.8,6148792.0,1.0,750.0,44707288,44707079,48.0,50.0,5501321.0,9000000.0,2003-09-04 02:00:00+00:00,DANCOM-E,Danske Commodities A/S,2017-03-31 23:00:00,2017-01-01 00:00:00
570714700000005411,740-062-00221,Tyvelse Byvej 1 V,W,,1998-01-30 00:00:00+00:00,,330,LAND,653437.124,6148792.019,10.0,750.0,44707288,44707079,48.0,50.0,5192773.0,9000000.0,2003-11-23 03:00:00+00:00,DANCOM-E,Danske Commodities A/S,9999-01-01 00:00:00,2010-07-31 23:00:00
570714700000005404,740-062-00220,Tyvelse Byvej 1 V,W,,1997-12-23 00:00:00+00:00,,330,LAND,653281.006,6149034.099,10.0,750.0,44707288,44707079,48.0,50.0,5473888.0,9000000.0,2003-08-27 11:00:00+00:00,NEEY-E,NEAS Energy A/S,9999-01-01 00:00:00,2019-06-30 23:00:00
570714700000013249,740-194535,MADS MADSEN,W,,2000-02-22 00:00:00+00:00,,336,LAND,717049.412,6131263.872,10.0,600.0,44707284,44707084,44.0,35.0,1262460.0,7200000.0,2006-10-05 01:00:00+00:00,ENDKAT-E,"Energinet.dk, Tab og aftagepligt prod.",2009-10-31 23:59:59,2007-11-15 00:00:00
570714700000013232,740-194534,JØRGEN PETERSEN,W,,2000-02-22 00:00:00+00:00,,336,LAND,717015.391,6131064.457,10.0,600.0,44707666,44707084,44.0,35.0,1266557.0,7200000.0,2006-09-03 11:00:00+00:00,DANCOM-E,Danske Commodities A/S,9999-01-01 00:00:00,2013-01-01 00:00:00
570714700000012563,740-053-01087,Vestmarken 1 V,W,,1999-09-29 00:00:00+00:00,,340,LAND,648601.9,6157638.0,1.0,550.0,44707601,44707113,41.0,35.0,1262797.0,8250000.0,2011-02-07 20:00:00+00:00,ENDKWP-E,"Energinet.dk, Marked vind prod.",2011-06-30 22:59:59,2011-02-07 20:00:00
570714700000005381,740-053-01078,Vestmarken 1 V,W,,1997-10-23 00:00:00+00:00,,340,LAND,648588.8,6157514.0,1.0,550.0,44707537,44707113,37.0,35.0,3066123.0,8250000.0,2007-08-09 23:00:00+00:00,NEEY-E,NEAS Energy A/S,2019-06-30 23:00:00,2019-03-31 23:00:00
570714700000005350,740-053-01077,Vestmarken 1 V,W,,1997-07-01 00:00:00+00:00,,340,LAND,648577.5,6157401.0,1.0,550.0,44707537,44707113,37.0,35.0,3240508.0,8250000.0,2007-03-04 23:00:00+00:00,DANCOM-E,Danske Commodities A/S,9999-01-01 00:00:00,2019-06-30 23:00:00
